queries,targets,mode,implementation,median_ms,p90_ms
256,512,resident,baseline,0.411458,0.460458
256,512,resident,cooperative64,0.175042,0.240083
256,512,resident,recorded_auto,0.171166,0.236958
256,512,upload_inclusive,baseline,0.279709,0.338583
256,512,upload_inclusive,cooperative64,0.199750,0.269209
256,512,upload_inclusive,recorded_auto,0.195333,0.263542
256,512,sync_upload_inclusive,scalar_three_submissions,0.337583,0.404750
256,512,sync_upload_inclusive,auto_one_submission,0.182291,0.235042
256,512,cpu,f64,0.124708,0.128459
4096,4096,resident,baseline,0.592708,0.622209
4096,4096,resident,cooperative64,0.217333,0.243083
4096,4096,resident,recorded_auto,0.218625,0.250750
4096,4096,upload_inclusive,baseline,0.639083,0.675500
4096,4096,upload_inclusive,cooperative64,0.261584,0.288167
4096,4096,upload_inclusive,recorded_auto,0.256042,0.290958
4096,4096,sync_upload_inclusive,scalar_three_submissions,0.766708,0.870125
4096,4096,sync_upload_inclusive,auto_one_submission,0.322959,0.367208
4096,4096,cpu,f64,17.164833,18.535916
16384,8192,resident,baseline,1.440791,1.746250
16384,8192,resident,cooperative64,1.048209,1.214250
16384,8192,resident,recorded_auto,1.024625,1.126875
16384,8192,upload_inclusive,baseline,1.530792,1.679333
16384,8192,upload_inclusive,cooperative64,1.179583,1.294000
16384,8192,upload_inclusive,recorded_auto,1.151083,1.334250
16384,8192,sync_upload_inclusive,scalar_three_submissions,1.974583,2.633291
16384,8192,sync_upload_inclusive,auto_one_submission,1.524500,1.734458
16384,8192,cpu,f64,143.792917,165.250958
