elements,mask_percent,workload,implementation,median_ms,p90_ms,readback_bytes
4096,0,compact_full,baseline,0.245084,0.256042,16388
4096,0,compact_full,production,0.239375,0.286708,16388
4096,50,compact_full,baseline,0.222083,0.270333,16388
4096,50,compact_full,production,0.213583,0.221250,16388
4096,100,compact_full,baseline,0.213709,0.281417,16388
4096,100,compact_full,production,0.214458,0.280209,16388
4096,0,compare_compact_sum,baseline,0.177458,0.234416,8
4096,0,compare_compact_sum,production,0.175000,0.242917,8
4096,50,compare_compact_sum,baseline,0.151750,0.158125,8
4096,50,compare_compact_sum,production,0.148875,0.163208,8
4096,100,compare_compact_sum,baseline,0.155000,0.167917,8
4096,100,compare_compact_sum,production,0.162833,0.229208,8
1048576,0,compact_full,baseline,0.946625,1.063000,4194308
1048576,0,compact_full,production,0.755500,0.918500,4194308
1048576,50,compact_full,baseline,0.982916,1.078542,4194308
1048576,50,compact_full,production,0.770333,0.848458,4194308
1048576,100,compact_full,baseline,1.116750,1.246125,4194308
1048576,100,compact_full,production,0.851459,0.943416,4194308
1048576,0,compare_compact_sum,baseline,0.924583,1.364167,8
1048576,0,compare_compact_sum,production,0.642209,0.812959,8
1048576,50,compare_compact_sum,baseline,0.942583,1.256083,8
1048576,50,compare_compact_sum,production,0.627709,0.943666,8
1048576,100,compare_compact_sum,baseline,0.885667,0.987083,8
1048576,100,compare_compact_sum,production,0.614458,0.657667,8
4194304,0,compact_full,baseline,5.018750,5.655750,16777220
4194304,0,compact_full,production,3.509166,3.790500,16777220
4194304,50,compact_full,baseline,3.896250,5.777125,16777220
4194304,50,compact_full,production,3.085625,3.569125,16777220
4194304,100,compact_full,baseline,4.386666,5.221375,16777220
4194304,100,compact_full,production,3.196708,3.619375,16777220
4194304,0,compare_compact_sum,baseline,1.970083,2.349834,8
4194304,0,compare_compact_sum,production,1.230709,1.521083,8
4194304,50,compare_compact_sum,baseline,1.545584,1.609708,8
4194304,50,compare_compact_sum,production,1.118292,1.147542,8
4194304,100,compare_compact_sum,baseline,1.526125,1.576292,8
4194304,100,compare_compact_sum,production,1.069500,1.157125,8
