kind,n,offset,path,mode,sample,gpu_ms,wall_ms,max_covariance_abs_error
sample,4097,0,legacy,gpu_profile,0,0.545084,1.035875,0.000000030
sample,4097,0,centered,gpu_profile,0,1.343500,1.772208,0.000000209
sample,4097,0,centered,gpu_profile,1,1.344375,1.762500,0.000000209
sample,4097,0,legacy,gpu_profile,1,0.545166,0.948000,0.000000030
sample,4097,0,legacy,gpu_profile,2,0.545542,0.943833,0.000000030
sample,4097,0,centered,gpu_profile,2,1.343500,1.736416,0.000000209
sample,4097,0,centered,gpu_profile,3,1.258959,1.664167,0.000000209
sample,4097,0,legacy,gpu_profile,3,0.477292,0.861791,0.000000030
sample,4097,0,legacy,gpu_profile,4,0.477417,0.862917,0.000000030
sample,4097,0,centered,gpu_profile,4,1.175917,1.567708,0.000000209
sample,4097,0,centered,gpu_profile,5,1.175833,1.595792,0.000000209
sample,4097,0,legacy,gpu_profile,5,0.477541,0.875709,0.000000030
sample,4097,0,legacy,gpu_profile,6,0.477583,0.846917,0.000000030
sample,4097,0,centered,gpu_profile,6,1.091709,1.476834,0.000000209
sample,4097,0,centered,gpu_profile,7,1.052292,1.446708,0.000000209
sample,4097,0,legacy,gpu_profile,7,0.427084,0.812042,0.000000030
sample,4097,0,legacy,gpu_profile,8,0.427167,0.822834,0.000000030
sample,4097,0,centered,gpu_profile,8,1.051375,1.431167,0.000000209
sample,4097,0,centered,gpu_profile,9,1.051959,1.431666,0.000000209
sample,4097,0,legacy,gpu_profile,9,0.427041,0.807750,0.000000030
sample,4097,0,legacy,gpu_profile,10,0.427042,0.786792,0.000000030
sample,4097,0,centered,gpu_profile,10,1.051583,1.434167,0.000000209
sample,4097,0,centered,gpu_profile,11,1.052125,1.415209,0.000000209
sample,4097,0,legacy,gpu_profile,11,0.427375,0.757708,0.000000030
sample,4097,0,legacy,gpu_profile,12,0.427041,0.751292,0.000000030
sample,4097,0,centered,gpu_profile,12,1.051584,1.427917,0.000000209
sample,4097,0,centered,gpu_profile,13,1.006584,1.360916,0.000000209
sample,4097,0,legacy,gpu_profile,13,0.385250,0.720959,0.000000030
sample,4097,0,legacy,gpu_profile,14,0.385333,0.711959,0.000000030
sample,4097,0,centered,gpu_profile,14,0.948167,1.305541,0.000000209
sample,4097,0,centered,gpu_profile,15,0.948042,1.289334,0.000000209
sample,4097,0,legacy,gpu_profile,15,0.385375,0.735667,0.000000030
sample,4097,0,legacy,gpu_profile,16,0.385833,0.759542,0.000000030
sample,4097,0,centered,gpu_profile,16,0.947792,1.286125,0.000000209
sample,4097,0,centered,gpu_profile,17,0.948541,1.309208,0.000000209
sample,4097,0,legacy,gpu_profile,17,0.385209,0.740583,0.000000030
sample,4097,0,legacy,gpu_profile,18,0.382791,0.729541,0.000000030
sample,4097,0,centered,gpu_profile,18,0.901708,1.246542,0.000000209
sample,4097,0,centered,gpu_profile,19,0.902417,1.243291,0.000000209
sample,4097,0,legacy,gpu_profile,19,0.366833,0.704208,0.000000030
sample,4097,0,legacy,gpu_profile,20,0.366625,0.707500,0.000000030
sample,4097,0,centered,gpu_profile,20,0.901792,1.274417,0.000000209
sample,4097,0,centered,gpu_profile,21,0.902417,1.303833,0.000000209
sample,4097,0,legacy,gpu_profile,21,0.344500,0.736500,0.000000030
sample,4097,0,legacy,gpu_profile,22,0.344792,0.710791,0.000000030
sample,4097,0,centered,gpu_profile,22,0.847375,1.230666,0.000000209
sample,4097,0,centered,gpu_profile,23,0.848083,1.230958,0.000000209
sample,4097,0,legacy,gpu_profile,23,0.344875,0.726125,0.000000030
sample,4097,0,legacy,gpu_profile,24,0.344583,0.707416,0.000000030
sample,4097,0,centered,gpu_profile,24,0.847333,1.239750,0.000000209
sample,4097,0,centered,gpu_profile,25,0.792041,1.147542,0.000000209
sample,4097,0,legacy,gpu_profile,25,0.321834,0.688208,0.000000030
sample,4097,0,legacy,gpu_profile,26,0.321959,0.703375,0.000000030
sample,4097,0,centered,gpu_profile,26,0.790208,1.163666,0.000000209
sample,4097,0,centered,gpu_profile,27,0.790750,1.158000,0.000000209
sample,4097,0,legacy,gpu_profile,27,0.321750,0.691167,0.000000030
sample,4097,0,legacy,gpu_profile,28,0.321625,0.690333,0.000000030
sample,4097,0,centered,gpu_profile,28,0.790125,1.163292,0.000000209
sample,4097,0,centered,gpu_profile,29,0.790625,1.153458,0.000000209
sample,4097,0,legacy,gpu_profile,29,0.321916,0.688334,0.000000030
sample,4097,0,legacy,gpu_profile,30,0.322125,0.710917,0.000000030
sample,4097,0,centered,gpu_profile,30,0.790584,1.161584,0.000000209
median,4097,0,legacy,gpu_profile,31,0.385333,0.736500,0.000000030
median,4097,0,centered,gpu_profile,31,0.948167,1.305541,0.000000209
sample,4097,0,legacy,resident,0,NaN,0.484916,0.000000030
sample,4097,0,centered,resident,0,NaN,0.966375,0.000000209
sample,4097,0,centered,resident,1,NaN,0.957500,0.000000209
sample,4097,0,legacy,resident,1,NaN,0.497875,0.000000030
sample,4097,0,legacy,resident,2,NaN,0.496750,0.000000030
sample,4097,0,centered,resident,2,NaN,0.965291,0.000000209
sample,4097,0,centered,resident,3,NaN,0.969833,0.000000209
sample,4097,0,legacy,resident,3,NaN,0.488208,0.000000030
sample,4097,0,legacy,resident,4,NaN,0.489750,0.000000030
sample,4097,0,centered,resident,4,NaN,0.962916,0.000000209
sample,4097,0,centered,resident,5,NaN,0.966416,0.000000209
sample,4097,0,legacy,resident,5,NaN,0.493792,0.000000030
sample,4097,0,legacy,resident,6,NaN,0.497625,0.000000030
sample,4097,0,centered,resident,6,NaN,0.965750,0.000000209
sample,4097,0,centered,resident,7,NaN,0.970667,0.000000209
sample,4097,0,legacy,resident,7,NaN,0.504583,0.000000030
sample,4097,0,legacy,resident,8,NaN,0.487334,0.000000030
sample,4097,0,centered,resident,8,NaN,0.961708,0.000000209
sample,4097,0,centered,resident,9,NaN,0.963500,0.000000209
sample,4097,0,legacy,resident,9,NaN,0.500084,0.000000030
sample,4097,0,legacy,resident,10,NaN,0.619833,0.000000030
sample,4097,0,centered,resident,10,NaN,0.994834,0.000000209
sample,4097,0,centered,resident,11,NaN,0.962416,0.000000209
sample,4097,0,legacy,resident,11,NaN,0.493625,0.000000030
sample,4097,0,legacy,resident,12,NaN,0.501042,0.000000030
sample,4097,0,centered,resident,12,NaN,0.962875,0.000000209
sample,4097,0,centered,resident,13,NaN,0.970708,0.000000209
sample,4097,0,legacy,resident,13,NaN,0.494833,0.000000030
sample,4097,0,legacy,resident,14,NaN,0.511542,0.000000030
sample,4097,0,centered,resident,14,NaN,0.969167,0.000000209
sample,4097,0,centered,resident,15,NaN,0.974000,0.000000209
sample,4097,0,legacy,resident,15,NaN,0.495709,0.000000030
sample,4097,0,legacy,resident,16,NaN,0.501417,0.000000030
sample,4097,0,centered,resident,16,NaN,0.969042,0.000000209
sample,4097,0,centered,resident,17,NaN,0.967750,0.000000209
sample,4097,0,legacy,resident,17,NaN,0.500084,0.000000030
sample,4097,0,legacy,resident,18,NaN,0.490500,0.000000030
sample,4097,0,centered,resident,18,NaN,0.972292,0.000000209
sample,4097,0,centered,resident,19,NaN,0.971208,0.000000209
sample,4097,0,legacy,resident,19,NaN,0.496791,0.000000030
sample,4097,0,legacy,resident,20,NaN,0.494250,0.000000030
sample,4097,0,centered,resident,20,NaN,0.969292,0.000000209
sample,4097,0,centered,resident,21,NaN,0.967291,0.000000209
sample,4097,0,legacy,resident,21,NaN,0.497042,0.000000030
sample,4097,0,legacy,resident,22,NaN,0.496375,0.000000030
sample,4097,0,centered,resident,22,NaN,0.955625,0.000000209
sample,4097,0,centered,resident,23,NaN,0.970917,0.000000209
sample,4097,0,legacy,resident,23,NaN,0.498250,0.000000030
sample,4097,0,legacy,resident,24,NaN,0.504959,0.000000030
sample,4097,0,centered,resident,24,NaN,0.978917,0.000000209
sample,4097,0,centered,resident,25,NaN,0.976250,0.000000209
sample,4097,0,legacy,resident,25,NaN,0.497792,0.000000030
sample,4097,0,legacy,resident,26,NaN,0.486584,0.000000030
sample,4097,0,centered,resident,26,NaN,0.970708,0.000000209
sample,4097,0,centered,resident,27,NaN,0.968958,0.000000209
sample,4097,0,legacy,resident,27,NaN,0.497000,0.000000030
sample,4097,0,legacy,resident,28,NaN,0.486083,0.000000030
sample,4097,0,centered,resident,28,NaN,0.955459,0.000000209
sample,4097,0,centered,resident,29,NaN,0.949958,0.000000209
sample,4097,0,legacy,resident,29,NaN,0.483833,0.000000030
sample,4097,0,legacy,resident,30,NaN,0.481542,0.000000030
sample,4097,0,centered,resident,30,NaN,0.959541,0.000000209
median,4097,0,legacy,resident,31,NaN,0.496750,0.000000030
median,4097,0,centered,resident,31,NaN,0.967750,0.000000209
sample,4097,0,legacy,upload,0,NaN,0.539167,0.000000030
sample,4097,0,centered,upload,0,NaN,0.988542,0.000000209
sample,4097,0,centered,upload,1,NaN,0.997250,0.000000209
sample,4097,0,legacy,upload,1,NaN,0.599417,0.000000030
sample,4097,0,legacy,upload,2,NaN,0.510833,0.000000030
sample,4097,0,centered,upload,2,NaN,0.991042,0.000000209
sample,4097,0,centered,upload,3,NaN,0.993250,0.000000209
sample,4097,0,legacy,upload,3,NaN,0.552458,0.000000030
sample,4097,0,legacy,upload,4,NaN,0.548292,0.000000030
sample,4097,0,centered,upload,4,NaN,1.015750,0.000000209
sample,4097,0,centered,upload,5,NaN,1.023375,0.000000209
sample,4097,0,legacy,upload,5,NaN,0.540542,0.000000030
sample,4097,0,legacy,upload,6,NaN,0.560834,0.000000030
sample,4097,0,centered,upload,6,NaN,1.002583,0.000000209
sample,4097,0,centered,upload,7,NaN,1.011958,0.000000209
sample,4097,0,legacy,upload,7,NaN,0.539791,0.000000030
sample,4097,0,legacy,upload,8,NaN,0.527333,0.000000030
sample,4097,0,centered,upload,8,NaN,1.019667,0.000000209
sample,4097,0,centered,upload,9,NaN,1.013375,0.000000209
sample,4097,0,legacy,upload,9,NaN,0.532416,0.000000030
sample,4097,0,legacy,upload,10,NaN,0.531333,0.000000030
sample,4097,0,centered,upload,10,NaN,1.008375,0.000000209
sample,4097,0,centered,upload,11,NaN,0.998292,0.000000209
sample,4097,0,legacy,upload,11,NaN,0.519833,0.000000030
sample,4097,0,legacy,upload,12,NaN,0.514875,0.000000030
sample,4097,0,centered,upload,12,NaN,1.046416,0.000000209
sample,4097,0,centered,upload,13,NaN,0.983416,0.000000209
sample,4097,0,legacy,upload,13,NaN,0.514334,0.000000030
sample,4097,0,legacy,upload,14,NaN,0.509666,0.000000030
sample,4097,0,centered,upload,14,NaN,0.994000,0.000000209
sample,4097,0,centered,upload,15,NaN,0.977917,0.000000209
sample,4097,0,legacy,upload,15,NaN,0.511375,0.000000030
sample,4097,0,legacy,upload,16,NaN,0.524708,0.000000030
sample,4097,0,centered,upload,16,NaN,0.972916,0.000000209
sample,4097,0,centered,upload,17,NaN,0.968834,0.000000209
sample,4097,0,legacy,upload,17,NaN,0.506208,0.000000030
sample,4097,0,legacy,upload,18,NaN,0.505250,0.000000030
sample,4097,0,centered,upload,18,NaN,0.973000,0.000000209
sample,4097,0,centered,upload,19,NaN,0.979375,0.000000209
sample,4097,0,legacy,upload,19,NaN,0.507875,0.000000030
sample,4097,0,legacy,upload,20,NaN,0.535625,0.000000030
sample,4097,0,centered,upload,20,NaN,0.990792,0.000000209
sample,4097,0,centered,upload,21,NaN,0.987125,0.000000209
sample,4097,0,legacy,upload,21,NaN,0.515375,0.000000030
sample,4097,0,legacy,upload,22,NaN,0.496417,0.000000030
sample,4097,0,centered,upload,22,NaN,0.972959,0.000000209
sample,4097,0,centered,upload,23,NaN,0.970000,0.000000209
sample,4097,0,legacy,upload,23,NaN,0.509584,0.000000030
sample,4097,0,legacy,upload,24,NaN,0.516250,0.000000030
sample,4097,0,centered,upload,24,NaN,0.981292,0.000000209
sample,4097,0,centered,upload,25,NaN,1.011250,0.000000209
sample,4097,0,legacy,upload,25,NaN,0.524333,0.000000030
sample,4097,0,legacy,upload,26,NaN,0.535334,0.000000030
sample,4097,0,centered,upload,26,NaN,0.996792,0.000000209
sample,4097,0,centered,upload,27,NaN,1.011167,0.000000209
sample,4097,0,legacy,upload,27,NaN,0.522709,0.000000030
sample,4097,0,legacy,upload,28,NaN,0.516666,0.000000030
sample,4097,0,centered,upload,28,NaN,0.987542,0.000000209
sample,4097,0,centered,upload,29,NaN,0.986708,0.000000209
sample,4097,0,legacy,upload,29,NaN,0.516042,0.000000030
sample,4097,0,legacy,upload,30,NaN,0.524167,0.000000030
sample,4097,0,centered,upload,30,NaN,1.012042,0.000000209
median,4097,0,legacy,upload,31,NaN,0.522709,0.000000030
median,4097,0,centered,upload,31,NaN,0.993250,0.000000209
median,4097,0,cpu,centered_f64,5,NaN,0.120625,0
sample,4097,0,legacy,session,0,NaN,0.258917,0.000000000
sample,4097,0,centered,session,0,NaN,1.650625,0.000000209
sample,4097,0,centered,session,1,NaN,1.684750,0.000000209
sample,4097,0,legacy,session,1,NaN,0.299541,0.000000000
sample,4097,0,legacy,session,2,NaN,0.275959,0.000000000
sample,4097,0,centered,session,2,NaN,1.716500,0.000000209
sample,4097,0,centered,session,3,NaN,1.681500,0.000000209
sample,4097,0,legacy,session,3,NaN,0.270417,0.000000000
sample,4097,0,legacy,session,4,NaN,0.280083,0.000000000
sample,4097,0,centered,session,4,NaN,1.674625,0.000000209
sample,4097,0,centered,session,5,NaN,1.719291,0.000000209
sample,4097,0,legacy,session,5,NaN,0.431916,0.000000000
sample,4097,0,legacy,session,6,NaN,0.292542,0.000000000
sample,4097,0,centered,session,6,NaN,1.726500,0.000000209
sample,4097,0,centered,session,7,NaN,1.892500,0.000000209
sample,4097,0,legacy,session,7,NaN,0.325041,0.000000000
sample,4097,0,legacy,session,8,NaN,0.287291,0.000000000
sample,4097,0,centered,session,8,NaN,1.785958,0.000000209
sample,4097,0,centered,session,9,NaN,1.712542,0.000000209
sample,4097,0,legacy,session,9,NaN,0.267583,0.000000000
sample,4097,0,legacy,session,10,NaN,0.280291,0.000000000
sample,4097,0,centered,session,10,NaN,1.673083,0.000000209
sample,4097,0,centered,session,11,NaN,1.650208,0.000000209
sample,4097,0,legacy,session,11,NaN,0.272375,0.000000000
sample,4097,0,legacy,session,12,NaN,0.241833,0.000000000
sample,4097,0,centered,session,12,NaN,1.657917,0.000000209
sample,4097,0,centered,session,13,NaN,1.673250,0.000000209
sample,4097,0,legacy,session,13,NaN,0.272125,0.000000000
sample,4097,0,legacy,session,14,NaN,0.267500,0.000000000
sample,4097,0,centered,session,14,NaN,1.672916,0.000000209
median,4097,0,legacy,session,15,NaN,0.275959,NaN
median,4097,0,centered,session,15,NaN,1.681500,NaN
sample,4097,10000,legacy,gpu_profile,0,0.633583,1.031917,4.253380328
sample,4097,10000,centered,gpu_profile,0,1.563875,1.912583,0.000000030
sample,4097,10000,centered,gpu_profile,1,1.559625,1.939375,0.000000030
sample,4097,10000,legacy,gpu_profile,1,0.632584,1.000584,4.253380328
sample,4097,10000,legacy,gpu_profile,2,0.632500,0.988000,4.253380328
sample,4097,10000,centered,gpu_profile,2,1.474333,1.831125,0.000000030
sample,4097,10000,centered,gpu_profile,3,1.343125,1.729417,0.000000030
sample,4097,10000,legacy,gpu_profile,3,0.545166,0.897708,4.253380328
sample,4097,10000,legacy,gpu_profile,4,0.544916,0.907916,4.253380328
sample,4097,10000,centered,gpu_profile,4,1.343666,1.829500,0.000000030
sample,4097,10000,centered,gpu_profile,5,1.558125,1.909875,0.000000030
sample,4097,10000,legacy,gpu_profile,5,0.632500,0.973292,4.253380328
sample,4097,10000,legacy,gpu_profile,6,0.632583,0.995000,4.253380328
sample,4097,10000,centered,gpu_profile,6,1.559000,1.915792,0.000000030
sample,4097,10000,centered,gpu_profile,7,1.559042,1.913916,0.000000030
sample,4097,10000,legacy,gpu_profile,7,0.633208,1.026250,4.253380328
sample,4097,10000,legacy,gpu_profile,8,0.632625,0.996292,4.253380328
sample,4097,10000,centered,gpu_profile,8,1.559250,1.909916,0.000000030
sample,4097,10000,centered,gpu_profile,9,1.559250,1.930041,0.000000030
sample,4097,10000,legacy,gpu_profile,9,0.545375,0.921959,4.253380328
sample,4097,10000,legacy,gpu_profile,10,0.545083,0.917833,4.253380328
sample,4097,10000,centered,gpu_profile,10,1.406875,1.777334,0.000000030
sample,4097,10000,centered,gpu_profile,11,1.557458,1.957458,0.000000030
sample,4097,10000,legacy,gpu_profile,11,0.632666,0.992709,4.253380328
sample,4097,10000,legacy,gpu_profile,12,0.632584,0.971458,4.253380328
sample,4097,10000,centered,gpu_profile,12,1.559292,1.912417,0.000000030
sample,4097,10000,centered,gpu_profile,13,1.559292,1.906792,0.000000030
sample,4097,10000,legacy,gpu_profile,13,0.632541,1.003625,4.253380328
sample,4097,10000,legacy,gpu_profile,14,0.632334,0.993375,4.253380328
sample,4097,10000,centered,gpu_profile,14,1.559375,1.920875,0.000000030
sample,4097,10000,centered,gpu_profile,15,1.559125,1.918416,0.000000030
sample,4097,10000,legacy,gpu_profile,15,0.631875,0.967375,4.253380328
sample,4097,10000,legacy,gpu_profile,16,0.544959,0.893417,4.253380328
sample,4097,10000,centered,gpu_profile,16,1.789000,2.132583,0.000000030
sample,4097,10000,centered,gpu_profile,17,1.559084,1.913041,0.000000030
sample,4097,10000,legacy,gpu_profile,17,0.633000,0.987334,4.253380328
sample,4097,10000,legacy,gpu_profile,18,0.632875,0.972166,4.253380328
sample,4097,10000,centered,gpu_profile,18,1.559875,1.895083,0.000000030
sample,4097,10000,centered,gpu_profile,19,1.559125,1.885208,0.000000030
sample,4097,10000,legacy,gpu_profile,19,0.632667,0.956958,4.253380328
sample,4097,10000,legacy,gpu_profile,20,0.632416,0.966916,4.253380328
sample,4097,10000,centered,gpu_profile,20,1.559458,1.909333,0.000000030
sample,4097,10000,centered,gpu_profile,21,1.558625,1.911750,0.000000030
sample,4097,10000,legacy,gpu_profile,21,0.632833,0.979625,4.253380328
sample,4097,10000,legacy,gpu_profile,22,0.697375,1.051250,4.253380328
sample,4097,10000,centered,gpu_profile,22,1.950541,2.336250,0.000000030
sample,4097,10000,centered,gpu_profile,23,1.559625,1.923583,0.000000030
sample,4097,10000,legacy,gpu_profile,23,0.632875,0.974333,4.253380328
sample,4097,10000,legacy,gpu_profile,24,0.632584,0.970667,4.253380328
sample,4097,10000,centered,gpu_profile,24,1.559375,1.895583,0.000000030
sample,4097,10000,centered,gpu_profile,25,1.559167,1.888667,0.000000030
sample,4097,10000,legacy,gpu_profile,25,0.632875,0.977375,4.253380328
sample,4097,10000,legacy,gpu_profile,26,0.632750,0.978834,4.253380328
sample,4097,10000,centered,gpu_profile,26,1.559083,1.936625,0.000000030
sample,4097,10000,centered,gpu_profile,27,1.558708,1.921833,0.000000030
sample,4097,10000,legacy,gpu_profile,27,0.811875,1.279000,4.253380328
sample,4097,10000,legacy,gpu_profile,28,0.811833,1.169334,4.253380328
sample,4097,10000,centered,gpu_profile,28,2.006542,2.370459,0.000000030
sample,4097,10000,centered,gpu_profile,29,1.564666,1.937291,0.000000030
sample,4097,10000,legacy,gpu_profile,29,0.632916,0.995625,4.253380328
sample,4097,10000,legacy,gpu_profile,30,0.632166,0.972500,4.253380328
sample,4097,10000,centered,gpu_profile,30,1.559500,1.906833,0.000000030
median,4097,10000,legacy,gpu_profile,31,0.632584,0.978834,4.253380328
median,4097,10000,centered,gpu_profile,31,1.559250,1.912583,0.000000030
sample,4097,10000,legacy,resident,0,NaN,0.791875,4.253380328
sample,4097,10000,centered,resident,0,NaN,1.725292,0.000000030
sample,4097,10000,centered,resident,1,NaN,1.733958,0.000000030
sample,4097,10000,legacy,resident,1,NaN,0.809833,4.253380328
sample,4097,10000,legacy,resident,2,NaN,0.783417,4.253380328
sample,4097,10000,centered,resident,2,NaN,2.108083,0.000000030
sample,4097,10000,centered,resident,3,NaN,2.215958,0.000000030
sample,4097,10000,legacy,resident,3,NaN,0.998459,4.253380328
sample,4097,10000,legacy,resident,4,NaN,1.021666,4.253380328
sample,4097,10000,centered,resident,4,NaN,1.742125,0.000000030
sample,4097,10000,centered,resident,5,NaN,1.744750,0.000000030
sample,4097,10000,legacy,resident,5,NaN,0.807708,4.253380328
sample,4097,10000,legacy,resident,6,NaN,0.795375,4.253380328
sample,4097,10000,centered,resident,6,NaN,1.727709,0.000000030
sample,4097,10000,centered,resident,7,NaN,1.726375,0.000000030
sample,4097,10000,legacy,resident,7,NaN,0.803834,4.253380328
sample,4097,10000,legacy,resident,8,NaN,0.795458,4.253380328
sample,4097,10000,centered,resident,8,NaN,2.085625,0.000000030
sample,4097,10000,centered,resident,9,NaN,2.191791,0.000000030
sample,4097,10000,legacy,resident,9,NaN,0.980500,4.253380328
sample,4097,10000,legacy,resident,10,NaN,0.981167,4.253380328
sample,4097,10000,centered,resident,10,NaN,2.178291,0.000000030
sample,4097,10000,centered,resident,11,NaN,1.762042,0.000000030
sample,4097,10000,legacy,resident,11,NaN,0.838000,4.253380328
sample,4097,10000,legacy,resident,12,NaN,0.976833,4.253380328
sample,4097,10000,centered,resident,12,NaN,1.736916,0.000000030
sample,4097,10000,centered,resident,13,NaN,1.741292,0.000000030
sample,4097,10000,legacy,resident,13,NaN,0.826542,4.253380328
sample,4097,10000,legacy,resident,14,NaN,0.840708,4.253380328
sample,4097,10000,centered,resident,14,NaN,2.217209,0.000000030
sample,4097,10000,centered,resident,15,NaN,2.188583,0.000000030
sample,4097,10000,legacy,resident,15,NaN,0.987583,4.253380328
sample,4097,10000,legacy,resident,16,NaN,0.981500,4.253380328
sample,4097,10000,centered,resident,16,NaN,2.189417,0.000000030
sample,4097,10000,centered,resident,17,NaN,1.901875,0.000000030
sample,4097,10000,legacy,resident,17,NaN,0.808250,4.253380328
sample,4097,10000,legacy,resident,18,NaN,0.824084,4.253380328
sample,4097,10000,centered,resident,18,NaN,1.747792,0.000000030
sample,4097,10000,centered,resident,19,NaN,1.740250,0.000000030
sample,4097,10000,legacy,resident,19,NaN,0.904167,4.253380328
sample,4097,10000,legacy,resident,20,NaN,0.987000,4.253380328
sample,4097,10000,centered,resident,20,NaN,2.196583,0.000000030
sample,4097,10000,centered,resident,21,NaN,2.188375,0.000000030
sample,4097,10000,legacy,resident,21,NaN,0.994666,4.253380328
sample,4097,10000,legacy,resident,22,NaN,0.988666,4.253380328
sample,4097,10000,centered,resident,22,NaN,2.177250,0.000000030
sample,4097,10000,centered,resident,23,NaN,1.961667,0.000000030
sample,4097,10000,legacy,resident,23,NaN,0.819083,4.253380328
sample,4097,10000,legacy,resident,24,NaN,0.809292,4.253380328
sample,4097,10000,centered,resident,24,NaN,1.792250,0.000000030
sample,4097,10000,centered,resident,25,NaN,1.763792,0.000000030
sample,4097,10000,legacy,resident,25,NaN,0.991625,4.253380328
sample,4097,10000,legacy,resident,26,NaN,0.982458,4.253380328
sample,4097,10000,centered,resident,26,NaN,2.189500,0.000000030
sample,4097,10000,centered,resident,27,NaN,2.197083,0.000000030
sample,4097,10000,legacy,resident,27,NaN,1.012750,4.253380328
sample,4097,10000,legacy,resident,28,NaN,1.003125,4.253380328
sample,4097,10000,centered,resident,28,NaN,2.186125,0.000000030
sample,4097,10000,centered,resident,29,NaN,1.976666,0.000000030
sample,4097,10000,legacy,resident,29,NaN,0.807666,4.253380328
sample,4097,10000,legacy,resident,30,NaN,0.807208,4.253380328
sample,4097,10000,centered,resident,30,NaN,1.735000,0.000000030
median,4097,10000,legacy,resident,31,NaN,0.840708,4.253380328
median,4097,10000,centered,resident,31,NaN,1.961667,0.000000030
sample,4097,10000,legacy,upload,0,NaN,0.968583,4.253380328
sample,4097,10000,centered,upload,0,NaN,2.232083,0.000000030
sample,4097,10000,centered,upload,1,NaN,2.253791,0.000000030
sample,4097,10000,legacy,upload,1,NaN,1.038333,4.253380328
sample,4097,10000,legacy,upload,2,NaN,1.035083,4.253380328
sample,4097,10000,centered,upload,2,NaN,2.234125,0.000000030
sample,4097,10000,centered,upload,3,NaN,2.233958,0.000000030
sample,4097,10000,legacy,upload,3,NaN,1.029625,4.253380328
sample,4097,10000,legacy,upload,4,NaN,1.021833,4.253380328
sample,4097,10000,centered,upload,4,NaN,1.892292,0.000000030
sample,4097,10000,centered,upload,5,NaN,1.917709,0.000000030
sample,4097,10000,legacy,upload,5,NaN,1.023416,4.253380328
sample,4097,10000,legacy,upload,6,NaN,1.040458,4.253380328
sample,4097,10000,centered,upload,6,NaN,2.252042,0.000000030
sample,4097,10000,centered,upload,7,NaN,2.236084,0.000000030
sample,4097,10000,legacy,upload,7,NaN,1.041542,4.253380328
sample,4097,10000,legacy,upload,8,NaN,1.032708,4.253380328
sample,4097,10000,centered,upload,8,NaN,2.215584,0.000000030
sample,4097,10000,centered,upload,9,NaN,2.221000,0.000000030
sample,4097,10000,legacy,upload,9,NaN,1.025041,4.253380328
sample,4097,10000,legacy,upload,10,NaN,0.942000,4.253380328
sample,4097,10000,centered,upload,10,NaN,2.348250,0.000000030
sample,4097,10000,centered,upload,11,NaN,2.230250,0.000000030
sample,4097,10000,legacy,upload,11,NaN,1.035167,4.253380328
sample,4097,10000,legacy,upload,12,NaN,1.027292,4.253380328
sample,4097,10000,centered,upload,12,NaN,2.221042,0.000000030
sample,4097,10000,centered,upload,13,NaN,2.225375,0.000000030
sample,4097,10000,legacy,upload,13,NaN,1.028292,4.253380328
sample,4097,10000,legacy,upload,14,NaN,1.019917,4.253380328
sample,4097,10000,centered,upload,14,NaN,2.211541,0.000000030
sample,4097,10000,centered,upload,15,NaN,2.236959,0.000000030
sample,4097,10000,legacy,upload,15,NaN,1.620750,4.253380328
sample,4097,10000,legacy,upload,16,NaN,1.010625,4.253380328
sample,4097,10000,centered,upload,16,NaN,2.211000,0.000000030
sample,4097,10000,centered,upload,17,NaN,2.225958,0.000000030
sample,4097,10000,legacy,upload,17,NaN,1.019834,4.253380328
sample,4097,10000,legacy,upload,18,NaN,1.020708,4.253380328
sample,4097,10000,centered,upload,18,NaN,2.225583,0.000000030
sample,4097,10000,centered,upload,19,NaN,2.225500,0.000000030
sample,4097,10000,legacy,upload,19,NaN,1.031041,4.253380328
sample,4097,10000,legacy,upload,20,NaN,1.022500,4.253380328
sample,4097,10000,centered,upload,20,NaN,3.295791,0.000000030
sample,4097,10000,centered,upload,21,NaN,2.465375,0.000000030
sample,4097,10000,legacy,upload,21,NaN,1.046750,4.253380328
sample,4097,10000,legacy,upload,22,NaN,1.030042,4.253380328
sample,4097,10000,centered,upload,22,NaN,2.223125,0.000000030
sample,4097,10000,centered,upload,23,NaN,2.228875,0.000000030
sample,4097,10000,legacy,upload,23,NaN,1.028791,4.253380328
sample,4097,10000,legacy,upload,24,NaN,1.013208,4.253380328
sample,4097,10000,centered,upload,24,NaN,2.233000,0.000000030
sample,4097,10000,centered,upload,25,NaN,3.366583,0.000000030
sample,4097,10000,legacy,upload,25,NaN,1.038417,4.253380328
sample,4097,10000,legacy,upload,26,NaN,1.025750,4.253380328
sample,4097,10000,centered,upload,26,NaN,2.237625,0.000000030
sample,4097,10000,centered,upload,27,NaN,2.221417,0.000000030
sample,4097,10000,legacy,upload,27,NaN,1.031542,4.253380328
sample,4097,10000,legacy,upload,28,NaN,1.030375,4.253380328
sample,4097,10000,centered,upload,28,NaN,2.214542,0.000000030
sample,4097,10000,centered,upload,29,NaN,2.224666,0.000000030
sample,4097,10000,legacy,upload,29,NaN,1.036334,4.253380328
sample,4097,10000,legacy,upload,30,NaN,1.015166,4.253380328
sample,4097,10000,centered,upload,30,NaN,2.042500,0.000000030
median,4097,10000,legacy,upload,31,NaN,1.028791,4.253380328
median,4097,10000,centered,upload,31,NaN,2.225958,0.000000030
median,4097,10000,cpu,centered_f64,5,NaN,0.120417,0
sample,4097,10000,legacy,session,0,NaN,0.271875,4.797107667
sample,4097,10000,centered,session,0,NaN,1.888792,0.000000030
sample,4097,10000,centered,session,1,NaN,1.883833,0.000000030
sample,4097,10000,legacy,session,1,NaN,0.244709,4.797107667
sample,4097,10000,legacy,session,2,NaN,0.277750,4.797107667
sample,4097,10000,centered,session,2,NaN,1.857416,0.000000030
sample,4097,10000,centered,session,3,NaN,1.878125,0.000000030
sample,4097,10000,legacy,session,3,NaN,0.278333,4.797107667
sample,4097,10000,legacy,session,4,NaN,0.269208,4.797107667
sample,4097,10000,centered,session,4,NaN,1.911041,0.000000030
sample,4097,10000,centered,session,5,NaN,1.742625,0.000000030
sample,4097,10000,legacy,session,5,NaN,0.301208,4.797107667
sample,4097,10000,legacy,session,6,NaN,0.311250,4.797107667
sample,4097,10000,centered,session,6,NaN,1.668459,0.000000030
sample,4097,10000,centered,session,7,NaN,1.681416,0.000000030
sample,4097,10000,legacy,session,7,NaN,0.269833,4.797107667
sample,4097,10000,legacy,session,8,NaN,0.275666,4.797107667
sample,4097,10000,centered,session,8,NaN,1.658041,0.000000030
sample,4097,10000,centered,session,9,NaN,1.680833,0.000000030
sample,4097,10000,legacy,session,9,NaN,0.250292,4.797107667
sample,4097,10000,legacy,session,10,NaN,0.269000,4.797107667
sample,4097,10000,centered,session,10,NaN,1.602625,0.000000030
sample,4097,10000,centered,session,11,NaN,1.481500,0.000000030
sample,4097,10000,legacy,session,11,NaN,0.243208,4.797107667
sample,4097,10000,legacy,session,12,NaN,0.272625,4.797107667
sample,4097,10000,centered,session,12,NaN,1.510625,0.000000030
sample,4097,10000,centered,session,13,NaN,1.522292,0.000000030
sample,4097,10000,legacy,session,13,NaN,0.261875,4.797107667
sample,4097,10000,legacy,session,14,NaN,0.280000,4.797107667
sample,4097,10000,centered,session,14,NaN,1.506792,0.000000030
median,4097,10000,legacy,session,15,NaN,0.271875,NaN
median,4097,10000,centered,session,15,NaN,1.680833,NaN
sample,4097,1000000,legacy,gpu_profile,0,0.321709,0.728542,186057.296326190
sample,4097,1000000,centered,gpu_profile,0,0.789959,1.176583,0.000000030
sample,4097,1000000,centered,gpu_profile,1,0.791500,1.191250,0.000000030
sample,4097,1000000,legacy,gpu_profile,1,0.322000,0.716833,186057.296326190
sample,4097,1000000,legacy,gpu_profile,2,0.322334,0.698083,186057.296326190
sample,4097,1000000,centered,gpu_profile,2,0.790625,1.165834,0.000000030
sample,4097,1000000,centered,gpu_profile,3,0.790958,1.170500,0.000000030
sample,4097,1000000,legacy,gpu_profile,3,0.322000,0.704375,186057.296326190
sample,4097,1000000,legacy,gpu_profile,4,0.322333,0.685708,186057.296326190
sample,4097,1000000,centered,gpu_profile,4,0.791083,1.160375,0.000000030
sample,4097,1000000,centered,gpu_profile,5,0.791916,1.175875,0.000000030
sample,4097,1000000,legacy,gpu_profile,5,0.322083,0.688459,186057.296326190
sample,4097,1000000,legacy,gpu_profile,6,0.322583,0.709208,186057.296326190
sample,4097,1000000,centered,gpu_profile,6,0.790000,1.153209,0.000000030
sample,4097,1000000,centered,gpu_profile,7,0.790166,1.134250,0.000000030
sample,4097,1000000,legacy,gpu_profile,7,0.321375,0.681083,186057.296326190
sample,4097,1000000,legacy,gpu_profile,8,0.321875,0.675250,186057.296326190
sample,4097,1000000,centered,gpu_profile,8,0.790000,1.147417,0.000000030
sample,4097,1000000,centered,gpu_profile,9,0.814125,1.177167,0.000000030
sample,4097,1000000,legacy,gpu_profile,9,0.323084,0.696416,186057.296326190
sample,4097,1000000,legacy,gpu_profile,10,0.322417,0.735667,186057.296326190
sample,4097,1000000,centered,gpu_profile,10,0.790708,1.169834,0.000000030
sample,4097,1000000,centered,gpu_profile,11,0.790500,1.171334,0.000000030
sample,4097,1000000,legacy,gpu_profile,11,0.322083,0.683125,186057.296326190
sample,4097,1000000,legacy,gpu_profile,12,0.322375,0.689459,186057.296326190
sample,4097,1000000,centered,gpu_profile,12,0.790417,1.138334,0.000000030
sample,4097,1000000,centered,gpu_profile,13,0.791083,1.182250,0.000000030
sample,4097,1000000,legacy,gpu_profile,13,0.322125,0.705750,186057.296326190
sample,4097,1000000,legacy,gpu_profile,14,0.321709,0.693042,186057.296326190
sample,4097,1000000,centered,gpu_profile,14,0.790250,1.152791,0.000000030
sample,4097,1000000,centered,gpu_profile,15,0.791042,1.132959,0.000000030
sample,4097,1000000,legacy,gpu_profile,15,0.321584,0.646292,186057.296326190
sample,4097,1000000,legacy,gpu_profile,16,0.322083,0.645875,186057.296326190
sample,4097,1000000,centered,gpu_profile,16,0.790166,1.134625,0.000000030
sample,4097,1000000,centered,gpu_profile,17,0.822291,1.191375,0.000000030
sample,4097,1000000,legacy,gpu_profile,17,0.321666,0.655583,186057.296326190
sample,4097,1000000,legacy,gpu_profile,18,0.321875,0.685375,186057.296326190
sample,4097,1000000,centered,gpu_profile,18,0.791542,1.186625,0.000000030
sample,4097,1000000,centered,gpu_profile,19,0.790917,1.175875,0.000000030
sample,4097,1000000,legacy,gpu_profile,19,0.321625,0.660125,186057.296326190
sample,4097,1000000,legacy,gpu_profile,20,0.321958,0.683834,186057.296326190
sample,4097,1000000,centered,gpu_profile,20,0.790333,1.171834,0.000000030
sample,4097,1000000,centered,gpu_profile,21,0.790916,1.167333,0.000000030
sample,4097,1000000,legacy,gpu_profile,21,0.321792,0.681208,186057.296326190
sample,4097,1000000,legacy,gpu_profile,22,0.322042,0.647625,186057.296326190
sample,4097,1000000,centered,gpu_profile,22,0.793125,1.141667,0.000000030
sample,4097,1000000,centered,gpu_profile,23,0.791500,1.180500,0.000000030
sample,4097,1000000,legacy,gpu_profile,23,0.322083,0.715917,186057.296326190
sample,4097,1000000,legacy,gpu_profile,24,0.321917,0.686333,186057.296326190
sample,4097,1000000,centered,gpu_profile,24,0.790167,1.122458,0.000000030
sample,4097,1000000,centered,gpu_profile,25,0.790333,1.135833,0.000000030
sample,4097,1000000,legacy,gpu_profile,25,0.321542,0.653125,186057.296326190
sample,4097,1000000,legacy,gpu_profile,26,0.321709,0.644042,186057.296326190
sample,4097,1000000,centered,gpu_profile,26,0.789875,1.174125,0.000000030
sample,4097,1000000,centered,gpu_profile,27,0.790792,1.147208,0.000000030
sample,4097,1000000,legacy,gpu_profile,27,0.321625,0.699833,186057.296326190
sample,4097,1000000,legacy,gpu_profile,28,0.322250,0.702625,186057.296326190
sample,4097,1000000,centered,gpu_profile,28,0.790416,1.141042,0.000000030
sample,4097,1000000,centered,gpu_profile,29,0.790833,1.172500,0.000000030
sample,4097,1000000,legacy,gpu_profile,29,0.322125,0.705584,186057.296326190
sample,4097,1000000,legacy,gpu_profile,30,0.322334,0.703208,186057.296326190
sample,4097,1000000,centered,gpu_profile,30,0.790459,1.164375,0.000000030
median,4097,1000000,legacy,gpu_profile,31,0.322000,0.688459,186057.296326190
median,4097,1000000,centered,gpu_profile,31,0.790708,1.167333,0.000000030
sample,4097,1000000,legacy,resident,0,NaN,0.507333,186057.296326190
sample,4097,1000000,centered,resident,0,NaN,0.981709,0.000000030
sample,4097,1000000,centered,resident,1,NaN,0.958417,0.000000030
sample,4097,1000000,legacy,resident,1,NaN,0.500583,186057.296326190
sample,4097,1000000,legacy,resident,2,NaN,0.503083,186057.296326190
sample,4097,1000000,centered,resident,2,NaN,0.958459,0.000000030
sample,4097,1000000,centered,resident,3,NaN,0.955250,0.000000030
sample,4097,1000000,legacy,resident,3,NaN,0.490000,186057.296326190
sample,4097,1000000,legacy,resident,4,NaN,0.482458,186057.296326190
sample,4097,1000000,centered,resident,4,NaN,0.963791,0.000000030
sample,4097,1000000,centered,resident,5,NaN,0.961792,0.000000030
sample,4097,1000000,legacy,resident,5,NaN,0.479875,186057.296326190
sample,4097,1000000,legacy,resident,6,NaN,0.483958,186057.296326190
sample,4097,1000000,centered,resident,6,NaN,0.956834,0.000000030
sample,4097,1000000,centered,resident,7,NaN,0.959333,0.000000030
sample,4097,1000000,legacy,resident,7,NaN,0.495458,186057.296326190
sample,4097,1000000,legacy,resident,8,NaN,0.505958,186057.296326190
sample,4097,1000000,centered,resident,8,NaN,0.961625,0.000000030
sample,4097,1000000,centered,resident,9,NaN,0.970500,0.000000030
sample,4097,1000000,legacy,resident,9,NaN,0.496708,186057.296326190
sample,4097,1000000,legacy,resident,10,NaN,0.501625,186057.296326190
sample,4097,1000000,centered,resident,10,NaN,0.973000,0.000000030
sample,4097,1000000,centered,resident,11,NaN,0.964833,0.000000030
sample,4097,1000000,legacy,resident,11,NaN,0.504875,186057.296326190
sample,4097,1000000,legacy,resident,12,NaN,0.475333,186057.296326190
sample,4097,1000000,centered,resident,12,NaN,0.958834,0.000000030
sample,4097,1000000,centered,resident,13,NaN,0.972875,0.000000030
sample,4097,1000000,legacy,resident,13,NaN,0.488875,186057.296326190
sample,4097,1000000,legacy,resident,14,NaN,0.586750,186057.296326190
sample,4097,1000000,centered,resident,14,NaN,0.960000,0.000000030
sample,4097,1000000,centered,resident,15,NaN,0.952334,0.000000030
sample,4097,1000000,legacy,resident,15,NaN,0.476541,186057.296326190
sample,4097,1000000,legacy,resident,16,NaN,0.477542,186057.296326190
sample,4097,1000000,centered,resident,16,NaN,0.948542,0.000000030
sample,4097,1000000,centered,resident,17,NaN,0.956792,0.000000030
sample,4097,1000000,legacy,resident,17,NaN,0.478625,186057.296326190
sample,4097,1000000,legacy,resident,18,NaN,0.490041,186057.296326190
sample,4097,1000000,centered,resident,18,NaN,0.975583,0.000000030
sample,4097,1000000,centered,resident,19,NaN,0.964209,0.000000030
sample,4097,1000000,legacy,resident,19,NaN,0.486459,186057.296326190
sample,4097,1000000,legacy,resident,20,NaN,0.488833,186057.296326190
sample,4097,1000000,centered,resident,20,NaN,0.967333,0.000000030
sample,4097,1000000,centered,resident,21,NaN,0.972750,0.000000030
sample,4097,1000000,legacy,resident,21,NaN,0.492458,186057.296326190
sample,4097,1000000,legacy,resident,22,NaN,0.492583,186057.296326190
sample,4097,1000000,centered,resident,22,NaN,0.959208,0.000000030
sample,4097,1000000,centered,resident,23,NaN,0.965375,0.000000030
sample,4097,1000000,legacy,resident,23,NaN,0.490916,186057.296326190
sample,4097,1000000,legacy,resident,24,NaN,0.495458,186057.296326190
sample,4097,1000000,centered,resident,24,NaN,0.965625,0.000000030
sample,4097,1000000,centered,resident,25,NaN,0.961625,0.000000030
sample,4097,1000000,legacy,resident,25,NaN,0.486541,186057.296326190
sample,4097,1000000,legacy,resident,26,NaN,0.479375,186057.296326190
sample,4097,1000000,centered,resident,26,NaN,0.948709,0.000000030
sample,4097,1000000,centered,resident,27,NaN,0.959292,0.000000030
sample,4097,1000000,legacy,resident,27,NaN,0.483375,186057.296326190
sample,4097,1000000,legacy,resident,28,NaN,0.484834,186057.296326190
sample,4097,1000000,centered,resident,28,NaN,0.961792,0.000000030
sample,4097,1000000,centered,resident,29,NaN,0.951875,0.000000030
sample,4097,1000000,legacy,resident,29,NaN,0.506334,186057.296326190
sample,4097,1000000,legacy,resident,30,NaN,0.477417,186057.296326190
sample,4097,1000000,centered,resident,30,NaN,0.966917,0.000000030
median,4097,1000000,legacy,resident,31,NaN,0.490000,186057.296326190
median,4097,1000000,centered,resident,31,NaN,0.961625,0.000000030
sample,4097,1000000,legacy,upload,0,NaN,0.553417,186057.296326190
sample,4097,1000000,centered,upload,0,NaN,1.015750,0.000000030
sample,4097,1000000,centered,upload,1,NaN,1.000458,0.000000030
sample,4097,1000000,legacy,upload,1,NaN,0.527958,186057.296326190
sample,4097,1000000,legacy,upload,2,NaN,0.536167,186057.296326190
sample,4097,1000000,centered,upload,2,NaN,0.991834,0.000000030
sample,4097,1000000,centered,upload,3,NaN,0.991042,0.000000030
sample,4097,1000000,legacy,upload,3,NaN,0.540958,186057.296326190
sample,4097,1000000,legacy,upload,4,NaN,0.509750,186057.296326190
sample,4097,1000000,centered,upload,4,NaN,0.992834,0.000000030
sample,4097,1000000,centered,upload,5,NaN,0.998500,0.000000030
sample,4097,1000000,legacy,upload,5,NaN,0.533500,186057.296326190
sample,4097,1000000,legacy,upload,6,NaN,0.511000,186057.296326190
sample,4097,1000000,centered,upload,6,NaN,0.983042,0.000000030
sample,4097,1000000,centered,upload,7,NaN,0.983792,0.000000030
sample,4097,1000000,legacy,upload,7,NaN,0.513667,186057.296326190
sample,4097,1000000,legacy,upload,8,NaN,0.514125,186057.296326190
sample,4097,1000000,centered,upload,8,NaN,0.995375,0.000000030
sample,4097,1000000,centered,upload,9,NaN,1.011417,0.000000030
sample,4097,1000000,legacy,upload,9,NaN,0.511625,186057.296326190
sample,4097,1000000,legacy,upload,10,NaN,0.516042,186057.296326190
sample,4097,1000000,centered,upload,10,NaN,0.988541,0.000000030
sample,4097,1000000,centered,upload,11,NaN,0.980292,0.000000030
sample,4097,1000000,legacy,upload,11,NaN,0.508417,186057.296326190
sample,4097,1000000,legacy,upload,12,NaN,0.527375,186057.296326190
sample,4097,1000000,centered,upload,12,NaN,0.997084,0.000000030
sample,4097,1000000,centered,upload,13,NaN,0.999458,0.000000030
sample,4097,1000000,legacy,upload,13,NaN,0.516209,186057.296326190
sample,4097,1000000,legacy,upload,14,NaN,0.526833,186057.296326190
sample,4097,1000000,centered,upload,14,NaN,0.982625,0.000000030
sample,4097,1000000,centered,upload,15,NaN,1.009417,0.000000030
sample,4097,1000000,legacy,upload,15,NaN,0.530958,186057.296326190
sample,4097,1000000,legacy,upload,16,NaN,0.528792,186057.296326190
sample,4097,1000000,centered,upload,16,NaN,1.116959,0.000000030
sample,4097,1000000,centered,upload,17,NaN,0.985583,0.000000030
sample,4097,1000000,legacy,upload,17,NaN,0.510250,186057.296326190
sample,4097,1000000,legacy,upload,18,NaN,0.504542,186057.296326190
sample,4097,1000000,centered,upload,18,NaN,0.987292,0.000000030
sample,4097,1000000,centered,upload,19,NaN,0.986875,0.000000030
sample,4097,1000000,legacy,upload,19,NaN,0.517167,186057.296326190
sample,4097,1000000,legacy,upload,20,NaN,0.530459,186057.296326190
sample,4097,1000000,centered,upload,20,NaN,0.984666,0.000000030
sample,4097,1000000,centered,upload,21,NaN,0.996958,0.000000030
sample,4097,1000000,legacy,upload,21,NaN,0.529125,186057.296326190
sample,4097,1000000,legacy,upload,22,NaN,0.537167,186057.296326190
sample,4097,1000000,centered,upload,22,NaN,1.000792,0.000000030
sample,4097,1000000,centered,upload,23,NaN,1.006125,0.000000030
sample,4097,1000000,legacy,upload,23,NaN,0.526333,186057.296326190
sample,4097,1000000,legacy,upload,24,NaN,0.531666,186057.296326190
sample,4097,1000000,centered,upload,24,NaN,0.995708,0.000000030
sample,4097,1000000,centered,upload,25,NaN,1.034583,0.000000030
sample,4097,1000000,legacy,upload,25,NaN,0.520375,186057.296326190
sample,4097,1000000,legacy,upload,26,NaN,0.525500,186057.296326190
sample,4097,1000000,centered,upload,26,NaN,1.004792,0.000000030
sample,4097,1000000,centered,upload,27,NaN,0.986291,0.000000030
sample,4097,1000000,legacy,upload,27,NaN,0.518167,186057.296326190
sample,4097,1000000,legacy,upload,28,NaN,0.505167,186057.296326190
sample,4097,1000000,centered,upload,28,NaN,0.991375,0.000000030
sample,4097,1000000,centered,upload,29,NaN,0.984666,0.000000030
sample,4097,1000000,legacy,upload,29,NaN,0.509584,186057.296326190
sample,4097,1000000,legacy,upload,30,NaN,0.521833,186057.296326190
sample,4097,1000000,centered,upload,30,NaN,0.983875,0.000000030
median,4097,1000000,legacy,upload,31,NaN,0.521833,186057.296326190
median,4097,1000000,centered,upload,31,NaN,0.992834,0.000000030
median,4097,1000000,cpu,centered_f64,5,NaN,0.119875,0
sample,4097,1000000,legacy,session,0,NaN,0.268792,163768.797302753
sample,4097,1000000,centered,session,0,NaN,1.102000,0.000000030
sample,4097,1000000,centered,session,1,NaN,1.111667,0.000000030
sample,4097,1000000,legacy,session,1,NaN,0.264167,163768.797302753
sample,4097,1000000,legacy,session,2,NaN,0.250916,163768.797302753
sample,4097,1000000,centered,session,2,NaN,1.106000,0.000000030
sample,4097,1000000,centered,session,3,NaN,1.094916,0.000000030
sample,4097,1000000,legacy,session,3,NaN,0.242375,163768.797302753
sample,4097,1000000,legacy,session,4,NaN,0.264041,163768.797302753
sample,4097,1000000,centered,session,4,NaN,1.101375,0.000000030
sample,4097,1000000,centered,session,5,NaN,1.115375,0.000000030
sample,4097,1000000,legacy,session,5,NaN,0.296500,163768.797302753
sample,4097,1000000,legacy,session,6,NaN,0.254208,163768.797302753
sample,4097,1000000,centered,session,6,NaN,1.109542,0.000000030
sample,4097,1000000,centered,session,7,NaN,1.107000,0.000000030
sample,4097,1000000,legacy,session,7,NaN,0.250083,163768.797302753
sample,4097,1000000,legacy,session,8,NaN,0.263208,163768.797302753
sample,4097,1000000,centered,session,8,NaN,1.089250,0.000000030
sample,4097,1000000,centered,session,9,NaN,1.106708,0.000000030
sample,4097,1000000,legacy,session,9,NaN,0.245959,163768.797302753
sample,4097,1000000,legacy,session,10,NaN,0.248333,163768.797302753
sample,4097,1000000,centered,session,10,NaN,1.110416,0.000000030
sample,4097,1000000,centered,session,11,NaN,1.109666,0.000000030
sample,4097,1000000,legacy,session,11,NaN,0.272041,163768.797302753
sample,4097,1000000,legacy,session,12,NaN,0.253958,163768.797302753
sample,4097,1000000,centered,session,12,NaN,1.097166,0.000000030
sample,4097,1000000,centered,session,13,NaN,1.096125,0.000000030
sample,4097,1000000,legacy,session,13,NaN,0.266000,163768.797302753
sample,4097,1000000,legacy,session,14,NaN,0.264959,163768.797302753
sample,4097,1000000,centered,session,14,NaN,1.098542,0.000000030
median,4097,1000000,legacy,session,15,NaN,0.263208,NaN
median,4097,1000000,centered,session,15,NaN,1.106000,NaN
sample,1000003,0,legacy,gpu_profile,0,0.815667,1.250334,0.000000123
sample,1000003,0,centered,gpu_profile,0,3.650917,4.035458,0.000000123
sample,1000003,0,centered,gpu_profile,1,3.798709,4.172875,0.000000123
sample,1000003,0,legacy,gpu_profile,1,0.879459,1.284125,0.000000123
sample,1000003,0,legacy,gpu_profile,2,0.874000,1.256708,0.000000123
sample,1000003,0,centered,gpu_profile,2,3.775625,4.140291,0.000000123
sample,1000003,0,centered,gpu_profile,3,3.665459,4.040125,0.000000123
sample,1000003,0,legacy,gpu_profile,3,0.876042,1.240959,0.000000123
sample,1000003,0,legacy,gpu_profile,4,0.873417,1.243833,0.000000123
sample,1000003,0,centered,gpu_profile,4,3.775959,4.164250,0.000000123
sample,1000003,0,centered,gpu_profile,5,3.782584,4.194542,0.000000123
sample,1000003,0,legacy,gpu_profile,5,0.874209,1.253208,0.000000123
sample,1000003,0,legacy,gpu_profile,6,0.873416,1.241959,0.000000123
sample,1000003,0,centered,gpu_profile,6,3.920792,4.332375,0.000000123
sample,1000003,0,centered,gpu_profile,7,3.837250,4.263041,0.000000123
sample,1000003,0,legacy,gpu_profile,7,0.876250,1.289292,0.000000123
sample,1000003,0,legacy,gpu_profile,8,0.873875,1.272666,0.000000123
sample,1000003,0,centered,gpu_profile,8,3.775625,4.184958,0.000000123
sample,1000003,0,centered,gpu_profile,9,3.851500,4.338833,0.000000123
sample,1000003,0,legacy,gpu_profile,9,0.935708,1.317083,0.000000123
sample,1000003,0,legacy,gpu_profile,10,0.929500,1.286417,0.000000123
sample,1000003,0,centered,gpu_profile,10,3.895333,4.286125,0.000000123
sample,1000003,0,centered,gpu_profile,11,3.775584,4.177750,0.000000123
sample,1000003,0,legacy,gpu_profile,11,0.874458,1.260916,0.000000123
sample,1000003,0,legacy,gpu_profile,12,0.873292,1.258000,0.000000123
sample,1000003,0,centered,gpu_profile,12,3.845916,4.238458,0.000000123
sample,1000003,0,centered,gpu_profile,13,4.018709,4.445625,0.000000123
sample,1000003,0,legacy,gpu_profile,13,0.936917,1.287000,0.000000123
sample,1000003,0,legacy,gpu_profile,14,0.929542,1.307584,0.000000123
sample,1000003,0,centered,gpu_profile,14,3.779834,4.160166,0.000000123
sample,1000003,0,centered,gpu_profile,15,3.829834,4.269042,0.000000123
sample,1000003,0,legacy,gpu_profile,15,0.934250,1.316666,0.000000123
sample,1000003,0,legacy,gpu_profile,16,0.929875,1.300583,0.000000123
sample,1000003,0,centered,gpu_profile,16,4.040167,4.442875,0.000000123
sample,1000003,0,centered,gpu_profile,17,4.023209,4.434000,0.000000123
sample,1000003,0,legacy,gpu_profile,17,0.874709,1.254125,0.000000123
sample,1000003,0,legacy,gpu_profile,18,0.873375,1.265000,0.000000123
sample,1000003,0,centered,gpu_profile,18,3.875875,4.269125,0.000000123
sample,1000003,0,centered,gpu_profile,19,4.120333,4.554958,0.000000123
sample,1000003,0,legacy,gpu_profile,19,0.935166,1.369292,0.000000123
sample,1000003,0,legacy,gpu_profile,20,0.930458,1.343000,0.000000123
sample,1000003,0,centered,gpu_profile,20,4.020542,4.433792,0.000000123
sample,1000003,0,centered,gpu_profile,21,3.962333,4.363791,0.000000123
sample,1000003,0,legacy,gpu_profile,21,0.983333,1.385834,0.000000123
sample,1000003,0,legacy,gpu_profile,22,0.930000,1.352708,0.000000123
sample,1000003,0,centered,gpu_profile,22,4.021250,4.432334,0.000000123
sample,1000003,0,centered,gpu_profile,23,4.021250,4.406708,0.000000123
sample,1000003,0,legacy,gpu_profile,23,0.929375,1.357000,0.000000123
sample,1000003,0,legacy,gpu_profile,24,0.933500,1.347167,0.000000123
sample,1000003,0,centered,gpu_profile,24,4.188209,4.571708,0.000000123
sample,1000003,0,centered,gpu_profile,25,4.072250,4.473209,0.000000123
sample,1000003,0,legacy,gpu_profile,25,0.931042,1.329291,0.000000123
sample,1000003,0,legacy,gpu_profile,26,0.930084,1.314959,0.000000123
sample,1000003,0,centered,gpu_profile,26,4.034875,4.423375,0.000000123
sample,1000003,0,centered,gpu_profile,27,4.160584,4.572917,0.000000123
sample,1000003,0,legacy,gpu_profile,27,0.978875,1.361833,0.000000123
sample,1000003,0,legacy,gpu_profile,28,0.978041,1.369542,0.000000123
sample,1000003,0,centered,gpu_profile,28,4.199625,4.575375,0.000000123
sample,1000003,0,centered,gpu_profile,29,4.020375,4.395750,0.000000123
sample,1000003,0,legacy,gpu_profile,29,0.929666,1.295792,0.000000123
sample,1000003,0,legacy,gpu_profile,30,0.956292,1.323459,0.000000123
sample,1000003,0,centered,gpu_profile,30,4.236042,4.666541,0.000000123
median,1000003,0,legacy,gpu_profile,31,0.929542,1.295792,0.000000123
median,1000003,0,centered,gpu_profile,31,3.920792,4.338833,0.000000123
sample,1000003,0,legacy,resident,0,NaN,1.174166,0.000000123
sample,1000003,0,centered,resident,0,NaN,4.439542,0.000000123
sample,1000003,0,centered,resident,1,NaN,4.420792,0.000000123
sample,1000003,0,legacy,resident,1,NaN,1.223334,0.000000123
sample,1000003,0,legacy,resident,2,NaN,1.157459,0.000000123
sample,1000003,0,centered,resident,2,NaN,4.491583,0.000000123
sample,1000003,0,centered,resident,3,NaN,4.437666,0.000000123
sample,1000003,0,legacy,resident,3,NaN,1.171959,0.000000123
sample,1000003,0,legacy,resident,4,NaN,1.166792,0.000000123
sample,1000003,0,centered,resident,4,NaN,4.485541,0.000000123
sample,1000003,0,centered,resident,5,NaN,4.711333,0.000000123
sample,1000003,0,legacy,resident,5,NaN,1.209166,0.000000123
sample,1000003,0,legacy,resident,6,NaN,1.185333,0.000000123
sample,1000003,0,centered,resident,6,NaN,4.448958,0.000000123
sample,1000003,0,centered,resident,7,NaN,4.607000,0.000000123
sample,1000003,0,legacy,resident,7,NaN,1.391458,0.000000123
sample,1000003,0,legacy,resident,8,NaN,1.353000,0.000000123
sample,1000003,0,centered,resident,8,NaN,4.734125,0.000000123
sample,1000003,0,centered,resident,9,NaN,4.464125,0.000000123
sample,1000003,0,legacy,resident,9,NaN,1.178875,0.000000123
sample,1000003,0,legacy,resident,10,NaN,1.231458,0.000000123
sample,1000003,0,centered,resident,10,NaN,4.666458,0.000000123
sample,1000003,0,centered,resident,11,NaN,4.896416,0.000000123
sample,1000003,0,legacy,resident,11,NaN,1.188542,0.000000123
sample,1000003,0,legacy,resident,12,NaN,1.167375,0.000000123
sample,1000003,0,centered,resident,12,NaN,4.460292,0.000000123
sample,1000003,0,centered,resident,13,NaN,4.676375,0.000000123
sample,1000003,0,legacy,resident,13,NaN,1.290417,0.000000123
sample,1000003,0,legacy,resident,14,NaN,1.286208,0.000000123
sample,1000003,0,centered,resident,14,NaN,4.900000,0.000000123
sample,1000003,0,centered,resident,15,NaN,4.459750,0.000000123
sample,1000003,0,legacy,resident,15,NaN,1.181417,0.000000123
sample,1000003,0,legacy,resident,16,NaN,1.186750,0.000000123
sample,1000003,0,centered,resident,16,NaN,5.122125,0.000000123
sample,1000003,0,centered,resident,17,NaN,4.899250,0.000000123
sample,1000003,0,legacy,resident,17,NaN,1.188917,0.000000123
sample,1000003,0,legacy,resident,18,NaN,1.178166,0.000000123
sample,1000003,0,centered,resident,18,NaN,4.538291,0.000000123
sample,1000003,0,centered,resident,19,NaN,4.900625,0.000000123
sample,1000003,0,legacy,resident,19,NaN,1.431292,0.000000123
sample,1000003,0,legacy,resident,20,NaN,1.315792,0.000000123
sample,1000003,0,centered,resident,20,NaN,4.895417,0.000000123
sample,1000003,0,centered,resident,21,NaN,4.594958,0.000000123
sample,1000003,0,legacy,resident,21,NaN,1.293208,0.000000123
sample,1000003,0,legacy,resident,22,NaN,1.282625,0.000000123
sample,1000003,0,centered,resident,22,NaN,4.930667,0.000000123
sample,1000003,0,centered,resident,23,NaN,4.903125,0.000000123
sample,1000003,0,legacy,resident,23,NaN,1.303583,0.000000123
sample,1000003,0,legacy,resident,24,NaN,1.277666,0.000000123
sample,1000003,0,centered,resident,24,NaN,4.815750,0.000000123
sample,1000003,0,centered,resident,25,NaN,4.948958,0.000000123
sample,1000003,0,legacy,resident,25,NaN,1.290166,0.000000123
sample,1000003,0,legacy,resident,26,NaN,1.303958,0.000000123
sample,1000003,0,centered,resident,26,NaN,4.824708,0.000000123
sample,1000003,0,centered,resident,27,NaN,4.873833,0.000000123
sample,1000003,0,legacy,resident,27,NaN,1.291250,0.000000123
sample,1000003,0,legacy,resident,28,NaN,1.288375,0.000000123
sample,1000003,0,centered,resident,28,NaN,4.903875,0.000000123
sample,1000003,0,centered,resident,29,NaN,4.927417,0.000000123
sample,1000003,0,legacy,resident,29,NaN,1.476083,0.000000123
sample,1000003,0,legacy,resident,30,NaN,1.410500,0.000000123
sample,1000003,0,centered,resident,30,NaN,4.963375,0.000000123
median,1000003,0,legacy,resident,31,NaN,1.277666,0.000000123
median,1000003,0,centered,resident,31,NaN,4.734125,0.000000123
sample,1000003,0,legacy,upload,0,NaN,6.667709,0.000000123
sample,1000003,0,centered,upload,0,NaN,8.718583,0.000000123
sample,1000003,0,centered,upload,1,NaN,8.361500,0.000000123
sample,1000003,0,legacy,upload,1,NaN,5.207000,0.000000123
sample,1000003,0,legacy,upload,2,NaN,4.961750,0.000000123
sample,1000003,0,centered,upload,2,NaN,8.375250,0.000000123
sample,1000003,0,centered,upload,3,NaN,8.648667,0.000000123
sample,1000003,0,legacy,upload,3,NaN,5.134166,0.000000123
sample,1000003,0,legacy,upload,4,NaN,5.177083,0.000000123
sample,1000003,0,centered,upload,4,NaN,8.725500,0.000000123
sample,1000003,0,centered,upload,5,NaN,8.699042,0.000000123
sample,1000003,0,legacy,upload,5,NaN,5.099333,0.000000123
sample,1000003,0,legacy,upload,6,NaN,4.971709,0.000000123
sample,1000003,0,centered,upload,6,NaN,8.772458,0.000000123
sample,1000003,0,centered,upload,7,NaN,8.242208,0.000000123
sample,1000003,0,legacy,upload,7,NaN,4.911917,0.000000123
sample,1000003,0,legacy,upload,8,NaN,4.716000,0.000000123
sample,1000003,0,centered,upload,8,NaN,7.803333,0.000000123
sample,1000003,0,centered,upload,9,NaN,8.131542,0.000000123
sample,1000003,0,legacy,upload,9,NaN,4.780292,0.000000123
sample,1000003,0,legacy,upload,10,NaN,4.368291,0.000000123
sample,1000003,0,centered,upload,10,NaN,7.886083,0.000000123
sample,1000003,0,centered,upload,11,NaN,7.516291,0.000000123
sample,1000003,0,legacy,upload,11,NaN,4.404292,0.000000123
sample,1000003,0,legacy,upload,12,NaN,4.334625,0.000000123
sample,1000003,0,centered,upload,12,NaN,7.531084,0.000000123
sample,1000003,0,centered,upload,13,NaN,7.480917,0.000000123
sample,1000003,0,legacy,upload,13,NaN,3.987250,0.000000123
sample,1000003,0,legacy,upload,14,NaN,3.895417,0.000000123
sample,1000003,0,centered,upload,14,NaN,7.037375,0.000000123
sample,1000003,0,centered,upload,15,NaN,7.107417,0.000000123
sample,1000003,0,legacy,upload,15,NaN,3.850250,0.000000123
sample,1000003,0,legacy,upload,16,NaN,3.895583,0.000000123
sample,1000003,0,centered,upload,16,NaN,7.048250,0.000000123
sample,1000003,0,centered,upload,17,NaN,6.856875,0.000000123
sample,1000003,0,legacy,upload,17,NaN,3.862000,0.000000123
sample,1000003,0,legacy,upload,18,NaN,3.831292,0.000000123
sample,1000003,0,centered,upload,18,NaN,6.769250,0.000000123
sample,1000003,0,centered,upload,19,NaN,7.015750,0.000000123
sample,1000003,0,legacy,upload,19,NaN,3.996792,0.000000123
sample,1000003,0,legacy,upload,20,NaN,3.903250,0.000000123
sample,1000003,0,centered,upload,20,NaN,6.964291,0.000000123
sample,1000003,0,centered,upload,21,NaN,6.972583,0.000000123
sample,1000003,0,legacy,upload,21,NaN,3.820459,0.000000123
sample,1000003,0,legacy,upload,22,NaN,3.865916,0.000000123
sample,1000003,0,centered,upload,22,NaN,6.948125,0.000000123
sample,1000003,0,centered,upload,23,NaN,7.010667,0.000000123
sample,1000003,0,legacy,upload,23,NaN,3.904709,0.000000123
sample,1000003,0,legacy,upload,24,NaN,3.637416,0.000000123
sample,1000003,0,centered,upload,24,NaN,6.944416,0.000000123
sample,1000003,0,centered,upload,25,NaN,6.709917,0.000000123
sample,1000003,0,legacy,upload,25,NaN,3.868416,0.000000123
sample,1000003,0,legacy,upload,26,NaN,3.896084,0.000000123
sample,1000003,0,centered,upload,26,NaN,6.602166,0.000000123
sample,1000003,0,centered,upload,27,NaN,7.027833,0.000000123
sample,1000003,0,legacy,upload,27,NaN,3.893167,0.000000123
sample,1000003,0,legacy,upload,28,NaN,3.713959,0.000000123
sample,1000003,0,centered,upload,28,NaN,6.982292,0.000000123
sample,1000003,0,centered,upload,29,NaN,6.604792,0.000000123
sample,1000003,0,legacy,upload,29,NaN,3.669792,0.000000123
sample,1000003,0,legacy,upload,30,NaN,3.736292,0.000000123
sample,1000003,0,centered,upload,30,NaN,6.632333,0.000000123
median,1000003,0,legacy,upload,31,NaN,3.904709,0.000000123
median,1000003,0,centered,upload,31,NaN,7.048250,0.000000123
median,1000003,0,cpu,centered_f64,5,NaN,29.627875,0
sample,1000003,0,legacy,session,0,NaN,9.422125,0.000000000
sample,1000003,0,centered,session,0,NaN,10.397750,0.000000123
sample,1000003,0,centered,session,1,NaN,9.306459,0.000000123
sample,1000003,0,legacy,session,1,NaN,9.882333,0.000000000
sample,1000003,0,legacy,session,2,NaN,9.921125,0.000000000
sample,1000003,0,centered,session,2,NaN,9.206375,0.000000123
sample,1000003,0,centered,session,3,NaN,10.729917,0.000000123
sample,1000003,0,legacy,session,3,NaN,9.070542,0.000000000
sample,1000003,0,legacy,session,4,NaN,9.017875,0.000000000
sample,1000003,0,centered,session,4,NaN,11.394583,0.000000123
sample,1000003,0,centered,session,5,NaN,9.933750,0.000000123
sample,1000003,0,legacy,session,5,NaN,9.032791,0.000000000
sample,1000003,0,legacy,session,6,NaN,9.059000,0.000000000
sample,1000003,0,centered,session,6,NaN,8.743500,0.000000123
sample,1000003,0,centered,session,7,NaN,8.987125,0.000000123
sample,1000003,0,legacy,session,7,NaN,9.233167,0.000000000
sample,1000003,0,legacy,session,8,NaN,9.201041,0.000000000
sample,1000003,0,centered,session,8,NaN,8.809083,0.000000123
sample,1000003,0,centered,session,9,NaN,11.357209,0.000000123
sample,1000003,0,legacy,session,9,NaN,9.236208,0.000000000
sample,1000003,0,legacy,session,10,NaN,9.131209,0.000000000
sample,1000003,0,centered,session,10,NaN,11.636166,0.000000123
sample,1000003,0,centered,session,11,NaN,11.097000,0.000000123
sample,1000003,0,legacy,session,11,NaN,9.193500,0.000000000
sample,1000003,0,legacy,session,12,NaN,9.031458,0.000000000
sample,1000003,0,centered,session,12,NaN,8.755917,0.000000123
sample,1000003,0,centered,session,13,NaN,11.586250,0.000000123
sample,1000003,0,legacy,session,13,NaN,9.528959,0.000000000
sample,1000003,0,legacy,session,14,NaN,9.570083,0.000000000
sample,1000003,0,centered,session,14,NaN,13.384208,0.000000123
median,1000003,0,legacy,session,15,NaN,9.201041,NaN
median,1000003,0,centered,session,15,NaN,10.397750,NaN
sample,1000003,10000,legacy,gpu_profile,0,0.815000,1.226916,22.610284213
sample,1000003,10000,centered,gpu_profile,0,3.518833,3.892250,0.000000123
sample,1000003,10000,centered,gpu_profile,1,3.516625,3.885833,0.000000123
sample,1000003,10000,legacy,gpu_profile,1,0.816083,1.167083,22.610284213
sample,1000003,10000,legacy,gpu_profile,2,0.838792,1.174292,22.610284213
sample,1000003,10000,centered,gpu_profile,2,3.728333,4.142583,0.000000123
sample,1000003,10000,centered,gpu_profile,3,3.518000,3.867167,0.000000123
sample,1000003,10000,legacy,gpu_profile,3,0.815250,1.176084,22.610284213
sample,1000003,10000,legacy,gpu_profile,4,0.814125,1.166875,22.610284213
sample,1000003,10000,centered,gpu_profile,4,3.518458,3.906250,0.000000123
sample,1000003,10000,centered,gpu_profile,5,3.654042,4.039209,0.000000123
sample,1000003,10000,legacy,gpu_profile,5,0.815125,1.192791,22.610284213
sample,1000003,10000,legacy,gpu_profile,6,0.814625,1.188125,22.610284213
sample,1000003,10000,centered,gpu_profile,6,3.517041,3.892584,0.000000123
sample,1000003,10000,centered,gpu_profile,7,3.518333,3.937500,0.000000123
sample,1000003,10000,legacy,gpu_profile,7,0.815208,1.209542,22.610284213
sample,1000003,10000,legacy,gpu_profile,8,0.814875,1.212666,22.610284213
sample,1000003,10000,centered,gpu_profile,8,3.657916,4.138209,0.000000123
sample,1000003,10000,centered,gpu_profile,9,3.570625,3.984542,0.000000123
sample,1000003,10000,legacy,gpu_profile,9,0.818458,1.206458,22.610284213
sample,1000003,10000,legacy,gpu_profile,10,0.814042,1.191500,22.610284213
sample,1000003,10000,centered,gpu_profile,10,3.518375,3.894375,0.000000123
sample,1000003,10000,centered,gpu_profile,11,3.518208,4.018083,0.000000123
sample,1000003,10000,legacy,gpu_profile,11,0.874959,1.245625,22.610284213
sample,1000003,10000,legacy,gpu_profile,12,0.872958,1.246292,22.610284213
sample,1000003,10000,centered,gpu_profile,12,3.552875,3.939791,0.000000123
sample,1000003,10000,centered,gpu_profile,13,3.518958,3.888042,0.000000123
sample,1000003,10000,legacy,gpu_profile,13,0.815167,1.179833,22.610284213
sample,1000003,10000,legacy,gpu_profile,14,0.814833,1.159083,22.610284213
sample,1000003,10000,centered,gpu_profile,14,3.524542,4.044292,0.000000123
sample,1000003,10000,centered,gpu_profile,15,3.714083,4.107417,0.000000123
sample,1000003,10000,legacy,gpu_profile,15,0.816875,1.180625,22.610284213
sample,1000003,10000,legacy,gpu_profile,16,0.814875,1.172541,22.610284213
sample,1000003,10000,centered,gpu_profile,16,3.516542,3.893042,0.000000123
sample,1000003,10000,centered,gpu_profile,17,3.515750,3.899625,0.000000123
sample,1000003,10000,legacy,gpu_profile,17,0.814209,1.188916,22.610284213
sample,1000003,10000,legacy,gpu_profile,18,0.813708,1.277708,22.610284213
sample,1000003,10000,centered,gpu_profile,18,3.746834,4.159709,0.000000123
sample,1000003,10000,centered,gpu_profile,19,3.523750,3.927042,0.000000123
sample,1000003,10000,legacy,gpu_profile,19,0.814500,1.201750,22.610284213
sample,1000003,10000,legacy,gpu_profile,20,0.814250,1.194041,22.610284213
sample,1000003,10000,centered,gpu_profile,20,3.517708,3.908208,0.000000123
sample,1000003,10000,centered,gpu_profile,21,3.638708,4.027291,0.000000123
sample,1000003,10000,legacy,gpu_profile,21,0.928167,1.321500,22.610284213
sample,1000003,10000,legacy,gpu_profile,22,0.874000,1.257959,22.610284213
sample,1000003,10000,centered,gpu_profile,22,3.551750,3.969750,0.000000123
sample,1000003,10000,centered,gpu_profile,23,3.518041,3.924417,0.000000123
sample,1000003,10000,legacy,gpu_profile,23,0.814375,1.201042,22.610284213
sample,1000003,10000,legacy,gpu_profile,24,0.814041,1.190500,22.610284213
sample,1000003,10000,centered,gpu_profile,24,3.668583,4.066375,0.000000123
sample,1000003,10000,centered,gpu_profile,25,3.761375,4.205666,0.000000123
sample,1000003,10000,legacy,gpu_profile,25,0.822042,1.299291,22.610284213
sample,1000003,10000,legacy,gpu_profile,26,0.815541,1.194541,22.610284213
sample,1000003,10000,centered,gpu_profile,26,3.517250,3.894958,0.000000123
sample,1000003,10000,centered,gpu_profile,27,3.577208,3.993125,0.000000123
sample,1000003,10000,legacy,gpu_profile,27,0.875125,1.300583,22.610284213
sample,1000003,10000,legacy,gpu_profile,28,0.889916,1.301041,22.610284213
sample,1000003,10000,centered,gpu_profile,28,3.767833,4.174833,0.000000123
sample,1000003,10000,centered,gpu_profile,29,3.518000,3.916041,0.000000123
sample,1000003,10000,legacy,gpu_profile,29,0.813875,1.194792,22.610284213
sample,1000003,10000,legacy,gpu_profile,30,0.814500,1.183042,22.610284213
sample,1000003,10000,centered,gpu_profile,30,3.549458,3.946791,0.000000123
median,1000003,10000,legacy,gpu_profile,31,0.815125,1.194541,22.610284213
median,1000003,10000,centered,gpu_profile,31,3.523750,3.939791,0.000000123
sample,1000003,10000,legacy,resident,0,NaN,1.056834,22.610284213
sample,1000003,10000,centered,resident,0,NaN,4.040458,0.000000123
sample,1000003,10000,centered,resident,1,NaN,3.872042,0.000000123
sample,1000003,10000,legacy,resident,1,NaN,1.000250,22.610284213
sample,1000003,10000,legacy,resident,2,NaN,0.998417,22.610284213
sample,1000003,10000,centered,resident,2,NaN,3.720958,0.000000123
sample,1000003,10000,centered,resident,3,NaN,3.927417,0.000000123
sample,1000003,10000,legacy,resident,3,NaN,1.067667,22.610284213
sample,1000003,10000,legacy,resident,4,NaN,1.062417,22.610284213
sample,1000003,10000,centered,resident,4,NaN,3.971875,0.000000123
sample,1000003,10000,centered,resident,5,NaN,3.725000,0.000000123
sample,1000003,10000,legacy,resident,5,NaN,1.006333,22.610284213
sample,1000003,10000,legacy,resident,6,NaN,0.995125,22.610284213
sample,1000003,10000,centered,resident,6,NaN,3.819875,0.000000123
sample,1000003,10000,centered,resident,7,NaN,3.953917,0.000000123
sample,1000003,10000,legacy,resident,7,NaN,1.073791,22.610284213
sample,1000003,10000,legacy,resident,8,NaN,1.061333,22.610284213
sample,1000003,10000,centered,resident,8,NaN,3.935792,0.000000123
sample,1000003,10000,centered,resident,9,NaN,3.720583,0.000000123
sample,1000003,10000,legacy,resident,9,NaN,1.016709,22.610284213
sample,1000003,10000,legacy,resident,10,NaN,1.102042,22.610284213
sample,1000003,10000,centered,resident,10,NaN,4.008208,0.000000123
sample,1000003,10000,centered,resident,11,NaN,3.980334,0.000000123
sample,1000003,10000,legacy,resident,11,NaN,1.064125,22.610284213
sample,1000003,10000,legacy,resident,12,NaN,1.061084,22.610284213
sample,1000003,10000,centered,resident,12,NaN,3.771625,0.000000123
sample,1000003,10000,centered,resident,13,NaN,3.859542,0.000000123
sample,1000003,10000,legacy,resident,13,NaN,1.055917,22.610284213
sample,1000003,10000,legacy,resident,14,NaN,1.060375,22.610284213
sample,1000003,10000,centered,resident,14,NaN,3.969334,0.000000123
sample,1000003,10000,centered,resident,15,NaN,4.012292,0.000000123
sample,1000003,10000,legacy,resident,15,NaN,1.052500,22.610284213
sample,1000003,10000,legacy,resident,16,NaN,1.001708,22.610284213
sample,1000003,10000,centered,resident,16,NaN,3.812917,0.000000123
sample,1000003,10000,centered,resident,17,NaN,3.978708,0.000000123
sample,1000003,10000,legacy,resident,17,NaN,1.098208,22.610284213
sample,1000003,10000,legacy,resident,18,NaN,1.097000,22.610284213
sample,1000003,10000,centered,resident,18,NaN,3.989375,0.000000123
sample,1000003,10000,centered,resident,19,NaN,3.898583,0.000000123
sample,1000003,10000,legacy,resident,19,NaN,0.997000,22.610284213
sample,1000003,10000,legacy,resident,20,NaN,1.105583,22.610284213
sample,1000003,10000,centered,resident,20,NaN,3.974416,0.000000123
sample,1000003,10000,centered,resident,21,NaN,3.961875,0.000000123
sample,1000003,10000,legacy,resident,21,NaN,1.058750,22.610284213
sample,1000003,10000,legacy,resident,22,NaN,1.065458,22.610284213
sample,1000003,10000,centered,resident,22,NaN,3.963334,0.000000123
sample,1000003,10000,centered,resident,23,NaN,3.880333,0.000000123
sample,1000003,10000,legacy,resident,23,NaN,1.102916,22.610284213
sample,1000003,10000,legacy,resident,24,NaN,1.046500,22.610284213
sample,1000003,10000,centered,resident,24,NaN,3.975041,0.000000123
sample,1000003,10000,centered,resident,25,NaN,3.974542,0.000000123
sample,1000003,10000,legacy,resident,25,NaN,1.062583,22.610284213
sample,1000003,10000,legacy,resident,26,NaN,1.054875,22.610284213
sample,1000003,10000,centered,resident,26,NaN,4.088875,0.000000123
sample,1000003,10000,centered,resident,27,NaN,4.029417,0.000000123
sample,1000003,10000,legacy,resident,27,NaN,1.053542,22.610284213
sample,1000003,10000,legacy,resident,28,NaN,1.054000,22.610284213
sample,1000003,10000,centered,resident,28,NaN,3.953084,0.000000123
sample,1000003,10000,centered,resident,29,NaN,4.016583,0.000000123
sample,1000003,10000,legacy,resident,29,NaN,1.079958,22.610284213
sample,1000003,10000,legacy,resident,30,NaN,1.106500,22.610284213
sample,1000003,10000,centered,resident,30,NaN,4.224542,0.000000123
median,1000003,10000,legacy,resident,31,NaN,1.060375,22.610284213
median,1000003,10000,centered,resident,31,NaN,3.963334,0.000000123
sample,1000003,10000,legacy,upload,0,NaN,4.138834,22.610284213
sample,1000003,10000,centered,upload,0,NaN,6.760709,0.000000123
sample,1000003,10000,centered,upload,1,NaN,6.805208,0.000000123
sample,1000003,10000,legacy,upload,1,NaN,3.889041,22.610284213
sample,1000003,10000,legacy,upload,2,NaN,4.103416,22.610284213
sample,1000003,10000,centered,upload,2,NaN,6.927750,0.000000123
sample,1000003,10000,centered,upload,3,NaN,7.241417,0.000000123
sample,1000003,10000,legacy,upload,3,NaN,4.045333,22.610284213
sample,1000003,10000,legacy,upload,4,NaN,4.273542,22.610284213
sample,1000003,10000,centered,upload,4,NaN,7.166417,0.000000123
sample,1000003,10000,centered,upload,5,NaN,7.192375,0.000000123
sample,1000003,10000,legacy,upload,5,NaN,4.094959,22.610284213
sample,1000003,10000,legacy,upload,6,NaN,4.392666,22.610284213
sample,1000003,10000,centered,upload,6,NaN,8.095750,0.000000123
sample,1000003,10000,centered,upload,7,NaN,10.619041,0.000000123
sample,1000003,10000,legacy,upload,7,NaN,4.992208,22.610284213
sample,1000003,10000,legacy,upload,8,NaN,5.345000,22.610284213
sample,1000003,10000,centered,upload,8,NaN,10.608250,0.000000123
sample,1000003,10000,centered,upload,9,NaN,10.721667,0.000000123
sample,1000003,10000,legacy,upload,9,NaN,5.107875,22.610284213
sample,1000003,10000,legacy,upload,10,NaN,4.961042,22.610284213
sample,1000003,10000,centered,upload,10,NaN,9.545708,0.000000123
sample,1000003,10000,centered,upload,11,NaN,11.376250,0.000000123
sample,1000003,10000,legacy,upload,11,NaN,5.073542,22.610284213
sample,1000003,10000,legacy,upload,12,NaN,5.456459,22.610284213
sample,1000003,10000,centered,upload,12,NaN,10.395917,0.000000123
sample,1000003,10000,centered,upload,13,NaN,11.380917,0.000000123
sample,1000003,10000,legacy,upload,13,NaN,4.694833,22.610284213
sample,1000003,10000,legacy,upload,14,NaN,5.025375,22.610284213
sample,1000003,10000,centered,upload,14,NaN,10.421333,0.000000123
sample,1000003,10000,centered,upload,15,NaN,10.734625,0.000000123
sample,1000003,10000,legacy,upload,15,NaN,4.537750,22.610284213
sample,1000003,10000,legacy,upload,16,NaN,4.515500,22.610284213
sample,1000003,10000,centered,upload,16,NaN,8.973792,0.000000123
sample,1000003,10000,centered,upload,17,NaN,8.587250,0.000000123
sample,1000003,10000,legacy,upload,17,NaN,3.995375,22.610284213
sample,1000003,10000,legacy,upload,18,NaN,3.979583,22.610284213
sample,1000003,10000,centered,upload,18,NaN,7.643083,0.000000123
sample,1000003,10000,centered,upload,19,NaN,7.072500,0.000000123
sample,1000003,10000,legacy,upload,19,NaN,3.883292,22.610284213
sample,1000003,10000,legacy,upload,20,NaN,3.866709,22.610284213
sample,1000003,10000,centered,upload,20,NaN,6.797833,0.000000123
sample,1000003,10000,centered,upload,21,NaN,6.635083,0.000000123
sample,1000003,10000,legacy,upload,21,NaN,3.758959,22.610284213
sample,1000003,10000,legacy,upload,22,NaN,3.880166,22.610284213
sample,1000003,10000,centered,upload,22,NaN,6.500750,0.000000123
sample,1000003,10000,centered,upload,23,NaN,6.268042,0.000000123
sample,1000003,10000,legacy,upload,23,NaN,3.678417,22.610284213
sample,1000003,10000,legacy,upload,24,NaN,3.717500,22.610284213
sample,1000003,10000,centered,upload,24,NaN,6.501334,0.000000123
sample,1000003,10000,centered,upload,25,NaN,6.706666,0.000000123
sample,1000003,10000,legacy,upload,25,NaN,3.635750,22.610284213
sample,1000003,10000,legacy,upload,26,NaN,3.868334,22.610284213
sample,1000003,10000,centered,upload,26,NaN,6.384500,0.000000123
sample,1000003,10000,centered,upload,27,NaN,6.642916,0.000000123
sample,1000003,10000,legacy,upload,27,NaN,3.667333,22.610284213
sample,1000003,10000,legacy,upload,28,NaN,3.713834,22.610284213
sample,1000003,10000,centered,upload,28,NaN,6.486167,0.000000123
sample,1000003,10000,centered,upload,29,NaN,6.619000,0.000000123
sample,1000003,10000,legacy,upload,29,NaN,3.664625,22.610284213
sample,1000003,10000,legacy,upload,30,NaN,3.880084,22.610284213
sample,1000003,10000,centered,upload,30,NaN,6.534458,0.000000123
median,1000003,10000,legacy,upload,31,NaN,4.045333,22.610284213
median,1000003,10000,centered,upload,31,NaN,7.166417,0.000000123
median,1000003,10000,cpu,centered_f64,5,NaN,29.479666,0
sample,1000003,10000,legacy,session,0,NaN,10.803833,3.501282450
sample,1000003,10000,centered,session,0,NaN,9.667750,0.000000123
sample,1000003,10000,centered,session,1,NaN,8.896042,0.000000123
sample,1000003,10000,legacy,session,1,NaN,10.768750,3.501282450
sample,1000003,10000,legacy,session,2,NaN,11.076042,3.501282450
sample,1000003,10000,centered,session,2,NaN,22.539709,0.000000123
sample,1000003,10000,centered,session,3,NaN,22.485875,0.000000123
sample,1000003,10000,legacy,session,3,NaN,9.657917,3.501282450
sample,1000003,10000,legacy,session,4,NaN,9.295042,3.501282450
sample,1000003,10000,centered,session,4,NaN,11.072666,0.000000123
sample,1000003,10000,centered,session,5,NaN,10.669500,0.000000123
sample,1000003,10000,legacy,session,5,NaN,9.201000,3.501282450
sample,1000003,10000,legacy,session,6,NaN,9.315458,3.501282450
sample,1000003,10000,centered,session,6,NaN,11.180375,0.000000123
sample,1000003,10000,centered,session,7,NaN,11.558875,0.000000123
sample,1000003,10000,legacy,session,7,NaN,9.221958,3.501282450
sample,1000003,10000,legacy,session,8,NaN,9.237917,3.501282450
sample,1000003,10000,centered,session,8,NaN,11.224166,0.000000123
sample,1000003,10000,centered,session,9,NaN,11.578875,0.000000123
sample,1000003,10000,legacy,session,9,NaN,9.041375,3.501282450
sample,1000003,10000,legacy,session,10,NaN,9.217334,3.501282450
sample,1000003,10000,centered,session,10,NaN,11.242792,0.000000123
sample,1000003,10000,centered,session,11,NaN,13.179125,0.000000123
sample,1000003,10000,legacy,session,11,NaN,9.366459,3.501282450
sample,1000003,10000,legacy,session,12,NaN,9.314625,3.501282450
sample,1000003,10000,centered,session,12,NaN,8.867167,0.000000123
sample,1000003,10000,centered,session,13,NaN,8.896209,0.000000123
sample,1000003,10000,legacy,session,13,NaN,9.563292,3.501282450
sample,1000003,10000,legacy,session,14,NaN,9.378000,3.501282450
sample,1000003,10000,centered,session,14,NaN,10.050792,0.000000123
median,1000003,10000,legacy,session,15,NaN,9.315458,NaN
median,1000003,10000,centered,session,15,NaN,11.180375,NaN
sample,1000003,1000000,legacy,gpu_profile,0,0.874333,1.320542,146124.484370625
sample,1000003,1000000,centered,gpu_profile,0,3.544000,4.025125,0.000000123
sample,1000003,1000000,centered,gpu_profile,1,3.529625,4.050750,0.000000123
sample,1000003,1000000,legacy,gpu_profile,1,0.820791,1.282250,146124.484370625
sample,1000003,1000000,legacy,gpu_profile,2,0.817167,1.217333,146124.484370625
sample,1000003,1000000,centered,gpu_profile,2,3.649000,4.031000,0.000000123
sample,1000003,1000000,centered,gpu_profile,3,3.774375,4.134125,0.000000123
sample,1000003,1000000,legacy,gpu_profile,3,0.815875,1.168334,146124.484370625
sample,1000003,1000000,legacy,gpu_profile,4,0.814459,1.170792,146124.484370625
sample,1000003,1000000,centered,gpu_profile,4,3.518792,3.910500,0.000000123
sample,1000003,1000000,centered,gpu_profile,5,3.517667,3.904542,0.000000123
sample,1000003,1000000,legacy,gpu_profile,5,0.874959,1.422500,146124.484370625
sample,1000003,1000000,legacy,gpu_profile,6,0.873834,1.242250,146124.484370625
sample,1000003,1000000,centered,gpu_profile,6,3.756792,4.164458,0.000000123
sample,1000003,1000000,centered,gpu_profile,7,3.518250,3.902750,0.000000123
sample,1000003,1000000,legacy,gpu_profile,7,0.815000,1.173167,146124.484370625
sample,1000003,1000000,legacy,gpu_profile,8,0.815000,1.163625,146124.484370625
sample,1000003,1000000,centered,gpu_profile,8,3.579208,4.013042,0.000000123
sample,1000003,1000000,centered,gpu_profile,9,3.779959,4.210542,0.000000123
sample,1000003,1000000,legacy,gpu_profile,9,0.875250,1.277625,146124.484370625
sample,1000003,1000000,legacy,gpu_profile,10,0.875250,1.278875,146124.484370625
sample,1000003,1000000,centered,gpu_profile,10,3.518542,3.877458,0.000000123
sample,1000003,1000000,centered,gpu_profile,11,3.516125,3.910666,0.000000123
sample,1000003,1000000,legacy,gpu_profile,11,0.814833,1.195500,146124.484370625
sample,1000003,1000000,legacy,gpu_profile,12,0.837292,1.211041,146124.484370625
sample,1000003,1000000,centered,gpu_profile,12,3.775041,4.162708,0.000000123
sample,1000003,1000000,centered,gpu_profile,13,3.703291,4.126083,0.000000123
sample,1000003,1000000,legacy,gpu_profile,13,0.814625,1.225250,146124.484370625
sample,1000003,1000000,legacy,gpu_profile,14,0.814708,1.219375,146124.484370625
sample,1000003,1000000,centered,gpu_profile,14,3.517958,3.914875,0.000000123
sample,1000003,1000000,centered,gpu_profile,15,3.686583,4.152708,0.000000123
sample,1000003,1000000,legacy,gpu_profile,15,0.875709,1.289000,146124.484370625
sample,1000003,1000000,legacy,gpu_profile,16,0.874000,1.277834,146124.484370625
sample,1000003,1000000,centered,gpu_profile,16,3.711542,4.119833,0.000000123
sample,1000003,1000000,centered,gpu_profile,17,3.516167,3.902250,0.000000123
sample,1000003,1000000,legacy,gpu_profile,17,0.813833,1.218500,146124.484370625
sample,1000003,1000000,legacy,gpu_profile,18,0.813875,1.192291,146124.484370625
sample,1000003,1000000,centered,gpu_profile,18,3.723833,4.122375,0.000000123
sample,1000003,1000000,centered,gpu_profile,19,3.773875,4.165583,0.000000123
sample,1000003,1000000,legacy,gpu_profile,19,0.873917,1.263958,146124.484370625
sample,1000003,1000000,legacy,gpu_profile,20,0.830667,1.214084,146124.484370625
sample,1000003,1000000,centered,gpu_profile,20,3.517167,3.905166,0.000000123
sample,1000003,1000000,centered,gpu_profile,21,3.580750,3.974167,0.000000123
sample,1000003,1000000,legacy,gpu_profile,21,0.872791,1.261333,146124.484370625
sample,1000003,1000000,legacy,gpu_profile,22,0.873750,1.257958,146124.484370625
sample,1000003,1000000,centered,gpu_profile,22,3.774292,4.165834,0.000000123
sample,1000003,1000000,centered,gpu_profile,23,3.692125,4.082792,0.000000123
sample,1000003,1000000,legacy,gpu_profile,23,0.814083,1.206916,146124.484370625
sample,1000003,1000000,legacy,gpu_profile,24,0.814166,1.197042,146124.484370625
sample,1000003,1000000,centered,gpu_profile,24,3.618125,4.019708,0.000000123
sample,1000003,1000000,centered,gpu_profile,25,3.774083,4.177750,0.000000123
sample,1000003,1000000,legacy,gpu_profile,25,0.874167,1.281167,146124.484370625
sample,1000003,1000000,legacy,gpu_profile,26,0.873917,1.273417,146124.484370625
sample,1000003,1000000,centered,gpu_profile,26,3.708083,4.127167,0.000000123
sample,1000003,1000000,centered,gpu_profile,27,3.521916,4.044334,0.000000123
sample,1000003,1000000,legacy,gpu_profile,27,0.874042,1.271208,146124.484370625
sample,1000003,1000000,legacy,gpu_profile,28,0.873917,1.230917,146124.484370625
sample,1000003,1000000,centered,gpu_profile,28,3.776792,4.193584,0.000000123
sample,1000003,1000000,centered,gpu_profile,29,3.773792,4.193625,0.000000123
sample,1000003,1000000,legacy,gpu_profile,29,0.873792,1.261083,146124.484370625
sample,1000003,1000000,legacy,gpu_profile,30,0.853167,1.244459,146124.484370625
sample,1000003,1000000,centered,gpu_profile,30,3.554167,3.956041,0.000000123
median,1000003,1000000,legacy,gpu_profile,31,0.853167,1.242250,146124.484370625
median,1000003,1000000,centered,gpu_profile,31,3.649000,4.050750,0.000000123
sample,1000003,1000000,legacy,resident,0,NaN,1.059792,146124.484370625
sample,1000003,1000000,centered,resident,0,NaN,3.971917,0.000000123
sample,1000003,1000000,centered,resident,1,NaN,3.961917,0.000000123
sample,1000003,1000000,legacy,resident,1,NaN,1.049583,146124.484370625
sample,1000003,1000000,legacy,resident,2,NaN,1.040375,146124.484370625
sample,1000003,1000000,centered,resident,2,NaN,3.854958,0.000000123
sample,1000003,1000000,centered,resident,3,NaN,3.920709,0.000000123
sample,1000003,1000000,legacy,resident,3,NaN,1.065208,146124.484370625
sample,1000003,1000000,legacy,resident,4,NaN,1.080458,146124.484370625
sample,1000003,1000000,centered,resident,4,NaN,3.963667,0.000000123
sample,1000003,1000000,centered,resident,5,NaN,3.961834,0.000000123
sample,1000003,1000000,legacy,resident,5,NaN,1.053958,146124.484370625
sample,1000003,1000000,legacy,resident,6,NaN,1.004042,146124.484370625
sample,1000003,1000000,centered,resident,6,NaN,3.868000,0.000000123
sample,1000003,1000000,centered,resident,7,NaN,3.959084,0.000000123
sample,1000003,1000000,legacy,resident,7,NaN,1.054542,146124.484370625
sample,1000003,1000000,legacy,resident,8,NaN,1.049667,146124.484370625
sample,1000003,1000000,centered,resident,8,NaN,3.989459,0.000000123
sample,1000003,1000000,centered,resident,9,NaN,3.941250,0.000000123
sample,1000003,1000000,legacy,resident,9,NaN,1.232000,146124.484370625
sample,1000003,1000000,legacy,resident,10,NaN,1.090167,146124.484370625
sample,1000003,1000000,centered,resident,10,NaN,3.993666,0.000000123
sample,1000003,1000000,centered,resident,11,NaN,3.962792,0.000000123
sample,1000003,1000000,legacy,resident,11,NaN,1.055458,146124.484370625
sample,1000003,1000000,legacy,resident,12,NaN,1.062333,146124.484370625
sample,1000003,1000000,centered,resident,12,NaN,3.961291,0.000000123
sample,1000003,1000000,centered,resident,13,NaN,4.189458,0.000000123
sample,1000003,1000000,legacy,resident,13,NaN,1.109833,146124.484370625
sample,1000003,1000000,legacy,resident,14,NaN,1.091958,146124.484370625
sample,1000003,1000000,centered,resident,14,NaN,3.961125,0.000000123
sample,1000003,1000000,centered,resident,15,NaN,3.982500,0.000000123
sample,1000003,1000000,legacy,resident,15,NaN,1.082584,146124.484370625
sample,1000003,1000000,legacy,resident,16,NaN,1.073459,146124.484370625
sample,1000003,1000000,centered,resident,16,NaN,4.255042,0.000000123
sample,1000003,1000000,centered,resident,17,NaN,4.142417,0.000000123
sample,1000003,1000000,legacy,resident,17,NaN,1.054708,146124.484370625
sample,1000003,1000000,legacy,resident,18,NaN,1.063125,146124.484370625
sample,1000003,1000000,centered,resident,18,NaN,3.971792,0.000000123
sample,1000003,1000000,centered,resident,19,NaN,4.046875,0.000000123
sample,1000003,1000000,legacy,resident,19,NaN,1.110875,146124.484370625
sample,1000003,1000000,legacy,resident,20,NaN,1.112292,146124.484370625
sample,1000003,1000000,centered,resident,20,NaN,4.207917,0.000000123
sample,1000003,1000000,centered,resident,21,NaN,4.196917,0.000000123
sample,1000003,1000000,legacy,resident,21,NaN,1.054459,146124.484370625
sample,1000003,1000000,legacy,resident,22,NaN,1.088250,146124.484370625
sample,1000003,1000000,centered,resident,22,NaN,4.042875,0.000000123
sample,1000003,1000000,centered,resident,23,NaN,4.256250,0.000000123
sample,1000003,1000000,legacy,resident,23,NaN,1.137542,146124.484370625
sample,1000003,1000000,legacy,resident,24,NaN,1.119875,146124.484370625
sample,1000003,1000000,centered,resident,24,NaN,4.181250,0.000000123
sample,1000003,1000000,centered,resident,25,NaN,3.968959,0.000000123
sample,1000003,1000000,legacy,resident,25,NaN,1.090583,146124.484370625
sample,1000003,1000000,legacy,resident,26,NaN,1.122667,146124.484370625
sample,1000003,1000000,centered,resident,26,NaN,4.232917,0.000000123
sample,1000003,1000000,centered,resident,27,NaN,4.206916,0.000000123
sample,1000003,1000000,legacy,resident,27,NaN,1.105750,146124.484370625
sample,1000003,1000000,legacy,resident,28,NaN,1.108000,146124.484370625
sample,1000003,1000000,centered,resident,28,NaN,4.110334,0.000000123
sample,1000003,1000000,centered,resident,29,NaN,4.520916,0.000000123
sample,1000003,1000000,legacy,resident,29,NaN,1.148917,146124.484370625
sample,1000003,1000000,legacy,resident,30,NaN,1.115375,146124.484370625
sample,1000003,1000000,centered,resident,30,NaN,4.256875,0.000000123
median,1000003,1000000,legacy,resident,31,NaN,1.082584,146124.484370625
median,1000003,1000000,centered,resident,31,NaN,3.989459,0.000000123
sample,1000003,1000000,legacy,upload,0,NaN,4.292458,146124.484370625
sample,1000003,1000000,centered,upload,0,NaN,7.293541,0.000000123
sample,1000003,1000000,centered,upload,1,NaN,7.250333,0.000000123
sample,1000003,1000000,legacy,upload,1,NaN,3.810292,146124.484370625
sample,1000003,1000000,legacy,upload,2,NaN,4.010459,146124.484370625
sample,1000003,1000000,centered,upload,2,NaN,6.817375,0.000000123
sample,1000003,1000000,centered,upload,3,NaN,6.889667,0.000000123
sample,1000003,1000000,legacy,upload,3,NaN,4.057167,146124.484370625
sample,1000003,1000000,legacy,upload,4,NaN,4.001583,146124.484370625
sample,1000003,1000000,centered,upload,4,NaN,6.856166,0.000000123
sample,1000003,1000000,centered,upload,5,NaN,7.179541,0.000000123
sample,1000003,1000000,legacy,upload,5,NaN,3.970583,146124.484370625
sample,1000003,1000000,legacy,upload,6,NaN,4.018333,146124.484370625
sample,1000003,1000000,centered,upload,6,NaN,7.095417,0.000000123
sample,1000003,1000000,centered,upload,7,NaN,6.825125,0.000000123
sample,1000003,1000000,legacy,upload,7,NaN,3.795125,146124.484370625
sample,1000003,1000000,legacy,upload,8,NaN,4.004000,146124.484370625
sample,1000003,1000000,centered,upload,8,NaN,7.021083,0.000000123
sample,1000003,1000000,centered,upload,9,NaN,6.990459,0.000000123
sample,1000003,1000000,legacy,upload,9,NaN,4.252792,146124.484370625
sample,1000003,1000000,legacy,upload,10,NaN,4.242916,146124.484370625
sample,1000003,1000000,centered,upload,10,NaN,7.068833,0.000000123
sample,1000003,1000000,centered,upload,11,NaN,7.268750,0.000000123
sample,1000003,1000000,legacy,upload,11,NaN,4.193834,146124.484370625
sample,1000003,1000000,legacy,upload,12,NaN,4.244791,146124.484370625
sample,1000003,1000000,centered,upload,12,NaN,7.305125,0.000000123
sample,1000003,1000000,centered,upload,13,NaN,7.180167,0.000000123
sample,1000003,1000000,legacy,upload,13,NaN,3.849083,146124.484370625
sample,1000003,1000000,legacy,upload,14,NaN,3.972750,146124.484370625
sample,1000003,1000000,centered,upload,14,NaN,6.885000,0.000000123
sample,1000003,1000000,centered,upload,15,NaN,7.319667,0.000000123
sample,1000003,1000000,legacy,upload,15,NaN,4.239125,146124.484370625
sample,1000003,1000000,legacy,upload,16,NaN,4.186959,146124.484370625
sample,1000003,1000000,centered,upload,16,NaN,7.186042,0.000000123
sample,1000003,1000000,centered,upload,17,NaN,7.057292,0.000000123
sample,1000003,1000000,legacy,upload,17,NaN,4.189583,146124.484370625
sample,1000003,1000000,legacy,upload,18,NaN,3.878292,146124.484370625
sample,1000003,1000000,centered,upload,18,NaN,6.881667,0.000000123
sample,1000003,1000000,centered,upload,19,NaN,6.821209,0.000000123
sample,1000003,1000000,legacy,upload,19,NaN,3.647583,146124.484370625
sample,1000003,1000000,legacy,upload,20,NaN,3.888792,146124.484370625
sample,1000003,1000000,centered,upload,20,NaN,6.886792,0.000000123
sample,1000003,1000000,centered,upload,21,NaN,6.909000,0.000000123
sample,1000003,1000000,legacy,upload,21,NaN,3.991750,146124.484370625
sample,1000003,1000000,legacy,upload,22,NaN,4.196458,146124.484370625
sample,1000003,1000000,centered,upload,22,NaN,6.885417,0.000000123
sample,1000003,1000000,centered,upload,23,NaN,7.032250,0.000000123
sample,1000003,1000000,legacy,upload,23,NaN,3.881667,146124.484370625
sample,1000003,1000000,legacy,upload,24,NaN,3.889375,146124.484370625
sample,1000003,1000000,centered,upload,24,NaN,6.877083,0.000000123
sample,1000003,1000000,centered,upload,25,NaN,6.502542,0.000000123
sample,1000003,1000000,legacy,upload,25,NaN,3.983875,146124.484370625
sample,1000003,1000000,legacy,upload,26,NaN,3.939833,146124.484370625
sample,1000003,1000000,centered,upload,26,NaN,6.799834,0.000000123
sample,1000003,1000000,centered,upload,27,NaN,6.693875,0.000000123
sample,1000003,1000000,legacy,upload,27,NaN,4.032083,146124.484370625
sample,1000003,1000000,legacy,upload,28,NaN,3.962167,146124.484370625
sample,1000003,1000000,centered,upload,28,NaN,6.925166,0.000000123
sample,1000003,1000000,centered,upload,29,NaN,6.775750,0.000000123
sample,1000003,1000000,legacy,upload,29,NaN,3.688042,146124.484370625
sample,1000003,1000000,legacy,upload,30,NaN,3.942584,146124.484370625
sample,1000003,1000000,centered,upload,30,NaN,6.833500,0.000000123
median,1000003,1000000,legacy,upload,31,NaN,3.991750,146124.484370625
median,1000003,1000000,centered,upload,31,NaN,6.909000,0.000000123
median,1000003,1000000,cpu,centered_f64,5,NaN,29.500833,0
sample,1000003,1000000,legacy,session,0,NaN,9.312167,165078.780270938
sample,1000003,1000000,centered,session,0,NaN,11.211708,0.000000123
sample,1000003,1000000,centered,session,1,NaN,12.380250,0.000000123
sample,1000003,1000000,legacy,session,1,NaN,9.122083,165078.780270938
sample,1000003,1000000,legacy,session,2,NaN,8.843292,165078.780270938
sample,1000003,1000000,centered,session,2,NaN,11.012791,0.000000123
sample,1000003,1000000,centered,session,3,NaN,12.247375,0.000000123
sample,1000003,1000000,legacy,session,3,NaN,9.363125,165078.780270938
sample,1000003,1000000,legacy,session,4,NaN,9.223041,165078.780270938
sample,1000003,1000000,centered,session,4,NaN,8.861250,0.000000123
sample,1000003,1000000,centered,session,5,NaN,11.490833,0.000000123
sample,1000003,1000000,legacy,session,5,NaN,9.284167,165078.780270938
sample,1000003,1000000,legacy,session,6,NaN,9.324250,165078.780270938
sample,1000003,1000000,centered,session,6,NaN,9.020375,0.000000123
sample,1000003,1000000,centered,session,7,NaN,9.329292,0.000000123
sample,1000003,1000000,legacy,session,7,NaN,9.466833,165078.780270938
sample,1000003,1000000,legacy,session,8,NaN,10.257583,165078.780270938
sample,1000003,1000000,centered,session,8,NaN,11.183292,0.000000123
sample,1000003,1000000,centered,session,9,NaN,10.402583,0.000000123
sample,1000003,1000000,legacy,session,9,NaN,9.224292,165078.780270938
sample,1000003,1000000,legacy,session,10,NaN,9.555125,165078.780270938
sample,1000003,1000000,centered,session,10,NaN,8.908042,0.000000123
sample,1000003,1000000,centered,session,11,NaN,9.011625,0.000000123
sample,1000003,1000000,legacy,session,11,NaN,8.914750,165078.780270938
sample,1000003,1000000,legacy,session,12,NaN,9.320292,165078.780270938
sample,1000003,1000000,centered,session,12,NaN,10.420292,0.000000123
sample,1000003,1000000,centered,session,13,NaN,10.997250,0.000000123
sample,1000003,1000000,legacy,session,13,NaN,9.187416,165078.780270938
sample,1000003,1000000,legacy,session,14,NaN,8.909167,165078.780270938
sample,1000003,1000000,centered,session,14,NaN,11.748583,0.000000123
median,1000003,1000000,legacy,session,15,NaN,9.284167,NaN
median,1000003,1000000,centered,session,15,NaN,10.997250,NaN
